-- MySQL dump 10.13  Distrib 8.0.33, for Win64 (x86_64)
--
-- Host: 127.0.0.1    Database: example_insta
-- ------------------------------------------------------
-- Server version	8.0.33

/*!40101 SET @OLD_CHARACTER_SET_CLIENT=@@CHARACTER_SET_CLIENT */;
/*!40101 SET @OLD_CHARACTER_SET_RESULTS=@@CHARACTER_SET_RESULTS */;
/*!40101 SET @OLD_COLLATION_CONNECTION=@@COLLATION_CONNECTION */;
/*!50503 SET NAMES utf8mb4 */;
/*!40103 SET @OLD_TIME_ZONE=@@TIME_ZONE */;
/*!40103 SET TIME_ZONE='+00:00' */;
/*!40014 SET @OLD_UNIQUE_CHECKS=@@UNIQUE_CHECKS, UNIQUE_CHECKS=0 */;
/*!40014 SET @OLD_FOREIGN_KEY_CHECKS=@@FOREIGN_KEY_CHECKS, FOREIGN_KEY_CHECKS=0 */;
/*!40101 SET @OLD_SQL_MODE=@@SQL_MODE, SQL_MODE='NO_AUTO_VALUE_ON_ZERO' */;
/*!40111 SET @OLD_SQL_NOTES=@@SQL_NOTES, SQL_NOTES=0 */;

--
-- Table structure for table `comments`
--

/*!40101 SET @saved_cs_client     = @@character_set_client */;
/*!50503 SET character_set_client = utf8mb4 */;
CREATE TABLE `comments` (
  `id` int NOT NULL AUTO_INCREMENT,
  `post_id` int NOT NULL,
  `user_id` int NOT NULL,
  `body` text,
  `created_at` timestamp NULL DEFAULT CURRENT_TIMESTAMP,
  `updated_at` timestamp NULL DEFAULT CURRENT_TIMESTAMP ON UPDATE CURRENT_TIMESTAMP,
  PRIMARY KEY (`id`),
  KEY `post_id` (`post_id`),
  KEY `user_id` (`user_id`),
  CONSTRAINT `comments_ibfk_1` FOREIGN KEY (`post_id`) REFERENCES `posts` (`id`) ON DELETE CASCADE,
  CONSTRAINT `comments_ibfk_2` FOREIGN KEY (`user_id`) REFERENCES `users` (`id`) ON DELETE CASCADE
) ENGINE=InnoDB AUTO_INCREMENT=101 DEFAULT CHARSET=utf8mb4 COLLATE=utf8mb4_0900_ai_ci;
/*!40101 SET character_set_client = @saved_cs_client */;

--
-- Dumping data for table `comments`
--

/*!40000 ALTER TABLE `comments` DISABLE KEYS */;
INSERT INTO `comments` VALUES (1,1,1,'Atque consectetur excepturi perferendis molestias libero consectetur iure. Rerum perspiciatis magnam perferendis accusantium odio iste autem. Perspiciatis quibusdam dolore quam natus eum saepe exercitationem dolor.','2011-07-28 03:12:26','1985-09-29 17:24:13'),(2,2,2,'Quia autem maiores qui aut magni ipsam mollitia enim. Commodi aut sequi autem adipisci sed doloremque non eaque. Omnis temporibus cum aut sunt rerum cupiditate.','1991-03-24 18:49:22','2014-12-18 12:43:15'),(3,3,3,'Minima voluptatibus voluptas nihil ea eos itaque eligendi. Et facere velit et autem voluptates itaque illo. Perspiciatis reiciendis accusantium atque enim voluptatem cum quas. Qui sit aut est quis iure aliquid earum.','2009-09-22 20:13:42','2017-11-27 05:08:54'),(4,4,4,'Nihil eaque est est ipsum reprehenderit enim. Veniam modi autem soluta. Delectus autem est id repellendus.','2017-07-12 00:25:31','2009-05-23 02:24:20'),(5,5,5,'Perferendis maiores in non ipsa eius modi mollitia. Consequuntur voluptate totam aut. Cum veritatis placeat ad sed id qui. Tempore eum tempore ut dolorum aut fugit.','2017-07-11 22:49:31','2005-07-29 10:23:28'),(6,6,6,'Illum possimus eos placeat voluptate. Nesciunt sed recusandae error facere illum. Unde nobis omnis quas est ullam cumque saepe eveniet. Ipsum est laborum numquam esse occaecati.','1976-03-08 05:55:37','1989-04-07 11:09:09'),(7,7,7,'Repellat enim aut labore perspiciatis quasi quibusdam. Reprehenderit dolorem omnis sint error aliquid. Aut tenetur ex qui numquam qui nisi error. Distinctio porro eum dolorum culpa ut quis.','1976-08-03 21:52:04','1999-06-21 21:53:01'),(8,8,8,'Reiciendis rerum et repudiandae similique vel. Dolorem ad labore itaque rerum. Et qui rem cumque voluptatibus provident qui.','1979-06-28 11:58:18','2007-12-23 10:30:19'),(9,9,9,'Doloremque suscipit voluptate doloribus facere ipsa. Sint nisi quae modi et voluptas et et.','2021-07-23 12:18:37','1987-05-28 04:14:52'),(10,10,10,'Iusto nihil dolores veritatis consequatur. Fugiat sit nemo ut id accusantium. Illo consequatur veniam error possimus voluptatem cupiditate neque.','1997-06-11 09:02:26','2021-11-05 07:11:18'),(11,11,11,'Accusamus et harum delectus necessitatibus possimus. Consequatur ex eos harum laborum sed nostrum.','1994-06-23 20:24:32','1979-02-01 10:57:23'),(12,12,12,'Rerum sit vel quibusdam cum. Sed eligendi sint quia. Facilis adipisci incidunt nam eius. Et atque omnis soluta exercitationem alias exercitationem architecto ut.','2021-12-16 06:13:35','2014-10-21 09:58:55'),(13,13,13,'Ut corporis laudantium aut non quia consequatur architecto. Fuga vero aut in excepturi quis et. Laborum veritatis ex non sunt ipsam.','2017-09-04 15:20:34','1980-05-31 23:19:43'),(14,14,14,'Placeat molestias voluptatem nulla eveniet illum. Assumenda architecto et dolores placeat. Culpa rerum aut fugit. Eum voluptates tempore nesciunt fuga. Rerum incidunt architecto illo voluptatem labore.','2004-11-22 05:31:43','1997-04-20 09:52:03'),(15,15,15,'Earum quis voluptas voluptatem velit eligendi. Et saepe beatae maiores delectus. Praesentium eos odit ex et omnis tempore. Non eligendi laborum aspernatur occaecati quibusdam.','2019-05-16 03:50:11','1987-01-04 07:15:30'),(16,16,16,'A blanditiis modi ad nihil aperiam voluptatum eum. Quia non aliquid dolorem voluptatem sint. Eum suscipit aspernatur nobis eligendi eaque. Veniam nulla enim temporibus dolores voluptas hic aliquid.','1993-07-29 16:58:26','1991-09-24 08:28:52'),(17,17,17,'Nihil vel cumque enim tempore et magnam est fuga. Facere esse quasi harum consequatur. Rerum nam architecto rerum aliquam. Est et consequuntur dolore ex porro qui.','1986-12-24 12:11:56','2018-04-21 18:01:37'),(18,18,18,'Molestias nesciunt est sed ab quasi. Dolor laudantium et ut quasi soluta adipisci quibusdam. Similique quia quam quas dolore ipsa provident sint. Aperiam necessitatibus rerum exercitationem qui ad sunt.','1972-05-23 03:37:36','2000-02-08 09:45:30'),(19,19,19,'Nulla aperiam ea quo. Consequatur id qui rerum blanditiis facilis officiis dolores ea. Neque qui eligendi facere earum et rerum molestias.','2010-04-17 08:21:53','2018-05-27 05:11:02'),(20,20,20,'Pariatur est perferendis soluta est et nostrum. Fugit non aut ut eligendi. Qui dolor officiis qui quas. Molestiae sed et ea a cum.','1986-08-29 04:30:55','1988-05-21 12:50:57'),(21,21,21,'Repudiandae asperiores provident sed quia. Ad quis dolores voluptas debitis asperiores consectetur animi. Facere voluptatibus sunt molestias omnis sint assumenda.','2012-10-29 18:09:10','1993-07-08 02:26:41'),(22,22,22,'Sit et sed quis. In eveniet ut iusto sed et ducimus. Consequatur in provident qui consequatur quia. Officiis eius consequuntur velit aut officiis architecto. Optio repudiandae architecto dolorem.','1989-11-21 18:56:58','1990-05-06 17:51:34'),(23,23,23,'Eligendi assumenda esse debitis accusamus. Necessitatibus natus dolorem quas.','1996-05-08 04:57:40','2018-09-21 16:07:57'),(24,24,24,'Voluptatibus dolorum laudantium aut rerum. Quae vitae inventore quisquam rerum rerum rem necessitatibus. Neque necessitatibus rem veritatis ut eaque aut assumenda. Ut ut error assumenda natus. Esse illo rerum deserunt minus officia alias.','2016-10-13 00:32:20','2008-07-22 12:59:14'),(25,25,25,'Voluptas doloremque et odio aut iure rem. Dolores voluptate sed nobis sequi odit. Nobis voluptas sequi sequi error quis sunt quas quasi.','2016-11-20 06:52:29','1980-01-22 15:04:58'),(26,26,26,'Aut labore quia ut id vero. Occaecati hic quia omnis. Quod ut occaecati quia dolorum.','2019-08-09 10:29:26','1974-06-15 21:32:28'),(27,27,27,'Quia eos sint ipsum quo consectetur et. Explicabo voluptas nulla corrupti rerum. Non qui aliquid et qui exercitationem qui commodi.','2012-06-08 05:45:38','1975-11-30 01:14:10'),(28,28,28,'Minus et molestiae perferendis. Tempora voluptate ipsa et quia sit. Distinctio et optio alias numquam. Accusantium quas nesciunt cupiditate excepturi sit illo.','1970-06-20 08:36:43','1978-11-16 17:10:29'),(29,29,29,'Nesciunt nobis a debitis dolor illo vel praesentium. Magni voluptatem mollitia veritatis saepe est doloribus. Cum repellat pariatur voluptatem. Qui quae dolore aliquam velit ea officia laborum.','1985-12-29 20:38:52','1970-04-17 19:27:09'),(30,30,30,'Porro reiciendis molestiae ea numquam beatae commodi ducimus voluptatem. Sunt et aut quia nihil. Excepturi possimus et perferendis impedit illo molestias.','1978-10-27 20:02:38','1971-07-11 12:57:43'),(31,31,31,'Labore earum id aut. Quae vero facilis officiis hic ea ad repellendus. Qui et quis qui. Eos perferendis itaque quos magni inventore.','1979-07-10 20:49:58','1995-05-09 18:34:15'),(32,32,32,'Recusandae doloremque consequatur quia mollitia asperiores illo. Officiis est ut ducimus officiis ea suscipit at. Numquam earum expedita ut repellendus eius voluptas accusantium doloremque. Vel quidem dolorem aliquid maiores dolores itaque voluptatem.','2017-04-26 17:30:26','2014-02-12 06:02:26'),(33,33,33,'Amet voluptas doloremque tenetur vitae nesciunt delectus. Doloremque alias fugit laborum pariatur. Architecto nostrum necessitatibus voluptatem qui. Repellat culpa ex tempora.','2021-06-08 22:07:56','2012-06-30 21:56:11'),(34,34,34,'Quidem commodi veritatis voluptatem cumque. Aut aliquam tenetur libero. Veritatis sit et itaque ratione. Id iusto eaque accusamus id neque saepe.','2004-07-13 00:09:56','2014-01-09 06:40:05'),(35,35,35,'A laborum consequatur tenetur qui consequatur a. Sunt exercitationem voluptatem alias doloremque velit sint eveniet repudiandae. Maxime optio voluptatem quas hic aliquid dolor.','1995-07-27 07:10:59','2022-12-01 15:31:07'),(36,36,36,'Rerum ut quos voluptatem ratione. Soluta molestiae corrupti illo et et debitis aut eaque. Iure necessitatibus non quo sit. Rerum optio doloremque sit animi impedit quis et blanditiis.','2006-10-18 02:52:02','2005-01-09 05:30:44'),(37,37,37,'Dolorem dolorum id facere cumque facere aut itaque. Harum quo sed nulla molestiae necessitatibus. Est facere nobis iste in.','2016-10-14 02:13:53','1987-07-17 03:42:39'),(38,38,38,'Neque rerum voluptas porro consequuntur impedit reprehenderit ut. Reiciendis sit in et esse modi eos qui in. Officiis nihil provident ratione assumenda cupiditate id. Qui minus aut aut qui corrupti rerum reprehenderit et.','1978-08-02 13:44:21','2009-12-05 14:42:15'),(39,39,39,'Impedit quia qui accusamus eum sint mollitia sequi. Quis in eveniet expedita odit. Inventore optio incidunt iure sint dolore in ad.','2001-08-12 13:43:35','2018-10-14 21:21:31'),(40,40,40,'Error sit aut dolores sunt recusandae tempore eum. Aut aut expedita corrupti ea pariatur inventore est. Dolor totam neque similique eius dignissimos ex. Sunt error in qui minus.','2010-08-07 03:31:05','1970-05-10 11:29:44'),(41,41,41,'Est et temporibus maiores. Eos sapiente neque beatae at ut. Quis provident ut praesentium voluptatem aspernatur optio architecto qui.','1983-07-26 08:48:22','1996-10-15 03:55:07'),(42,42,42,'Et aspernatur aliquid optio eum quia doloremque. Sunt ab quis voluptate sed. Sit hic rerum ipsa aut culpa sunt officia.','1987-04-22 13:48:54','1998-06-19 15:52:00'),(43,43,43,'Eius dolor aut dolor ut neque est. Est mollitia ut ducimus dolores aut id. Delectus sint placeat voluptatum alias minus adipisci. At ducimus aut consequuntur omnis repellendus.','1995-09-09 07:50:38','2011-08-04 10:37:57'),(44,44,44,'Necessitatibus qui veritatis blanditiis a repellendus nemo. Magnam aliquam odio facilis. Praesentium dolores velit et consequatur vel deleniti pariatur.','1970-09-13 21:28:52','1994-06-10 02:34:08'),(45,45,45,'Mollitia quaerat asperiores laboriosam magni. Ut maxime ut doloremque cupiditate. Distinctio praesentium accusantium et alias recusandae earum.','1985-05-09 00:25:56','1994-05-17 07:20:43'),(46,46,46,'Consequatur autem minima accusantium mollitia omnis. Ipsam consequatur reiciendis tempora officiis possimus facilis impedit. Quis rem sapiente officiis reprehenderit error. Quod eos saepe non rerum consequatur maiores.','1977-12-03 01:29:06','1989-01-21 21:32:48'),(47,47,47,'Vel illum accusantium qui accusantium. Necessitatibus quia quasi atque nisi ut repudiandae cum. Omnis eligendi temporibus quas quia ducimus itaque aliquid. Blanditiis numquam omnis aliquam consequatur.','1999-12-31 08:54:52','1987-10-19 08:18:05'),(48,48,48,'Ut expedita sint eaque voluptas perspiciatis est. Ullam laudantium et consequatur dolor esse porro consectetur. Minus quia fugiat architecto sunt sint beatae ut. Distinctio soluta aliquid velit id quisquam aut.','2005-09-16 14:43:18','2009-08-01 12:41:02'),(49,49,49,'Explicabo repellendus eos perferendis quam fugiat qui quis occaecati. In adipisci est aut recusandae quas. Aliquam veniam voluptates sit blanditiis sit sint. Nihil quo iste vero fuga et. Repudiandae et est veniam quas.','1985-02-20 23:12:07','1982-05-04 01:22:55'),(50,50,50,'Rerum numquam sed doloremque ipsam omnis tenetur. Totam voluptatem autem itaque aut. Temporibus soluta magni fuga eaque sunt molestias.','1994-07-31 18:13:10','1989-06-01 11:50:22'),(51,51,51,'Voluptas perferendis vitae ipsa quae qui neque ut. Aperiam sunt quo commodi ipsa laboriosam deserunt quisquam quos. Autem aperiam sapiente blanditiis dicta. Consequuntur deserunt nam nam aspernatur ducimus.','1971-11-04 01:40:45','1994-05-09 22:30:54'),(52,52,52,'Adipisci tempore ut tenetur ea sed. Dignissimos dolorem omnis libero modi. Voluptas corporis laudantium nisi quae. Et dolorem voluptatem ad unde voluptatem saepe aspernatur.','2018-10-04 07:36:25','2010-11-23 09:28:07'),(53,53,53,'Rerum dignissimos repellat provident quis harum voluptas cumque. Perferendis sed natus tempore illo molestiae quis accusantium. Iste optio saepe aperiam est in praesentium tempore. Tempora et quibusdam voluptatibus.','2008-12-19 22:36:29','1971-10-12 12:49:18'),(54,54,54,'Dolorem harum accusamus inventore molestias sed est mollitia. Eum eius at cupiditate. Aut voluptates dolorum eum optio ea ut quaerat consequatur. Rerum odio qui fugiat autem autem.','2004-09-22 21:00:48','1991-03-19 09:10:08'),(55,55,55,'Officiis in non dignissimos autem est amet. Incidunt odio autem nam cumque.','2013-09-02 07:08:19','1989-11-18 14:15:15'),(56,56,56,'Consequatur voluptatem consequatur quia nostrum. Aliquam sit repellendus ut voluptatem. Ducimus eos adipisci in consequatur.','1985-03-10 11:34:59','1991-07-10 10:59:25'),(57,57,57,'Excepturi cum distinctio pariatur accusantium sed et. Ex architecto consequatur optio hic. Ut suscipit in reprehenderit occaecati accusantium. Rerum sunt doloremque rerum facere mollitia aperiam.','2012-08-29 10:31:03','1998-03-10 13:18:43'),(58,58,58,'Et eligendi quo hic. Distinctio possimus sit iste id. Dolorem alias est voluptatem fugiat tempora sit eius. Qui fugit sint velit aut voluptatibus nulla. Consequatur alias ut doloremque nihil pariatur optio amet.','1984-11-06 03:48:51','2007-07-10 07:06:33'),(59,59,59,'Sapiente id ipsam omnis repudiandae. Est laboriosam molestias consectetur quos. Laboriosam mollitia id sunt officia perspiciatis.','1993-07-29 03:03:39','2009-05-07 14:56:48'),(60,60,60,'Sequi alias est et quis voluptatem. Qui tempora culpa minima dolor tempore sit. Rerum iste dignissimos laborum omnis recusandae ex.','2022-08-24 18:59:51','2021-02-11 07:26:21'),(61,61,61,'Quo ipsam officia aut. Sint molestiae ullam similique. Earum fuga molestiae consequatur consequatur eos amet.','1990-12-25 15:36:27','2019-07-18 13:26:24'),(62,62,62,'Praesentium provident dignissimos odit qui placeat. Facilis maxime et nihil molestias voluptatum ratione alias. Voluptatibus quae accusamus magni non laudantium rerum quas occaecati. Consequatur placeat quisquam nisi expedita unde ex excepturi et.','1971-04-30 09:07:22','1981-04-18 17:50:40'),(63,63,63,'Harum suscipit voluptate saepe deserunt. Excepturi recusandae sit in fuga itaque quo.','1997-05-11 23:19:13','2008-02-04 09:44:13'),(64,64,64,'Unde consequatur debitis omnis quo. Consequatur repellat quisquam ea dolores eum. Sint rerum deserunt autem aliquam. Esse voluptatum veniam et neque molestias sequi ut.','2002-07-03 04:08:17','2014-11-25 17:16:06'),(65,65,65,'Voluptatem voluptatem voluptate repellat amet consequatur. Aut ut deleniti aperiam dicta. Reiciendis est in dolor et reprehenderit provident.','1997-05-30 06:18:19','2020-06-14 00:02:30'),(66,66,66,'Eos et placeat eligendi nihil commodi molestiae voluptas voluptates. Vel aut repudiandae cumque. Qui rerum vel magnam quos architecto.','1990-04-14 11:38:52','2008-04-02 08:02:04'),(67,67,67,'Error numquam autem iste dolor ea. Nemo asperiores qui placeat praesentium saepe sunt et. Eligendi et reprehenderit et ab harum quod consequatur est.','1980-04-02 13:09:26','2009-05-19 18:16:22'),(68,68,68,'Nobis magnam odit qui sequi provident. Unde ut quis ut rerum doloribus. Aut ullam dolorum ipsa eaque voluptatum sit praesentium. Excepturi id sequi vitae consequatur quod et repellat quidem.','2016-02-13 14:10:08','2006-01-22 16:12:11'),(69,69,69,'Ut dolorem fugit illum earum. Recusandae sed mollitia et maxime doloremque veritatis id. Blanditiis enim itaque magnam magni quia omnis.','1992-11-22 11:32:28','2019-12-15 04:20:15'),(70,70,70,'Sed soluta asperiores in voluptatem necessitatibus ut. Voluptatem et aliquam excepturi voluptate mollitia sunt enim. Aut quia aliquam qui voluptatem.','1983-09-21 01:59:03','2004-12-15 10:37:58'),(71,71,71,'Corrupti autem ex assumenda aut. Dolor numquam voluptatem itaque dolorem magnam possimus. Qui dolorum provident commodi corporis omnis omnis. Sed numquam nisi ullam voluptatem placeat dignissimos exercitationem.','1975-07-07 18:13:40','1998-02-22 15:45:33'),(72,72,72,'Accusantium quia autem in dolorem in. Suscipit voluptate in praesentium velit. Ex perferendis et dolor eos consequatur et.','1981-06-18 07:46:27','1998-01-12 15:54:48'),(73,73,73,'Laborum magni doloribus accusantium aspernatur praesentium dolore. Et repellendus tempora ducimus non quaerat vero. Nihil cumque voluptatem eum dolore sunt et.','1972-06-29 18:36:50','1995-11-14 15:32:39'),(74,74,74,'Est earum vero velit quas est itaque possimus. Officiis rerum velit ad magni sit accusantium libero. Ullam et eligendi eum tenetur voluptatibus vel sequi.','1978-08-11 00:57:36','2005-11-16 17:31:06'),(75,75,75,'Dolores et ad sunt minima unde. Vel nihil est sequi rerum quae aut. Quod aut eligendi incidunt aut natus.','2011-11-29 23:04:55','2010-08-16 07:38:11'),(76,76,76,'Enim quibusdam provident corporis velit. Itaque nam facilis voluptatum ut quis. Sit officia delectus cum fugiat quia.','2014-02-11 04:26:15','2023-03-07 00:54:04'),(77,77,77,'Asperiores asperiores voluptatem veritatis nihil eum modi et. Fuga odio magni iste excepturi. Ut eum et quasi at doloribus amet et. Voluptatem esse inventore repellendus hic adipisci est dolores.','1989-09-24 14:02:42','1972-07-16 16:07:33'),(78,78,78,'Error error ea quis esse blanditiis est. Nostrum qui et qui quos. Quod laboriosam rem doloribus consequatur molestias quas enim. Nihil cum corrupti quae ex ea ea. Sit ut doloremque reprehenderit sit qui voluptas.','1986-11-21 17:37:20','1981-03-09 00:57:26'),(79,79,79,'Sunt veritatis dolorem quos deserunt sit in quidem. Sit voluptatibus debitis omnis dolorem laborum quisquam. Iste ut ut doloremque ut suscipit qui molestiae.','1988-01-17 10:49:16','2022-12-25 05:32:32'),(80,80,80,'Aut tempora rerum ipsum delectus. Aliquid nobis doloremque accusantium eveniet quis vitae et. Corporis id esse voluptatum qui aut doloribus. Ut et nisi incidunt.','2003-03-02 04:26:26','2000-04-25 18:21:00'),(81,81,81,'Debitis aut ratione nihil ipsum facilis quia provident in. Nostrum culpa numquam laudantium beatae.','2008-12-31 22:31:13','1991-09-15 03:40:06'),(82,82,82,'Illo minus soluta unde. Eius sint laudantium quia voluptas non. Molestias quia dolor ea vitae molestiae ipsum. Nulla ipsum iusto sit libero vel et assumenda atque. Quod quo voluptatem aut ab ut.','1982-11-19 17:22:11','2018-08-09 22:42:25'),(83,83,83,'Vel placeat enim pariatur cumque natus. Provident adipisci sed accusamus est ullam totam corrupti. Ducimus rerum facilis et ullam.','1989-03-26 17:03:16','1983-01-16 14:07:00'),(84,84,84,'Aperiam maxime consequatur perspiciatis id. Sed necessitatibus aut provident perferendis ipsum quasi. Dolore eius veritatis animi voluptatem. Mollitia tempora possimus voluptatem illum qui.','1997-10-17 05:10:52','2003-04-27 19:20:25'),(85,85,85,'Ut et voluptates eum dolores nesciunt. Eligendi eveniet odio voluptas dolorem. Voluptatem doloribus aliquid ipsam eaque at sunt aut.','2014-07-24 09:57:51','1986-07-25 03:28:51'),(86,86,86,'Aut amet sit possimus dolor. Voluptas et consequatur architecto beatae. Ut qui accusantium magnam et et velit minus.','1970-06-28 09:33:42','1991-02-11 16:56:52'),(87,87,87,'Inventore architecto similique dolor non consequatur adipisci tempora sint. Aliquam et suscipit aut repellendus optio atque assumenda labore. Nihil et totam eos. Nesciunt in illo ex sunt dolorem laborum.','1978-03-02 07:09:01','2005-02-19 09:55:02'),(88,88,88,'Aut odio dolorum perferendis similique. Non incidunt odit recusandae provident. Necessitatibus commodi ut quia. Repellendus sequi deserunt id maiores accusantium sapiente ut.','1976-01-16 22:42:28','1972-01-24 01:29:25'),(89,89,89,'Ea omnis assumenda fugit quo natus. Maiores sapiente error blanditiis labore ut quod rerum. Alias et omnis commodi est dolores eum vero.','1998-05-08 04:13:22','1973-07-19 02:14:14'),(90,90,90,'Dolor eum quis libero eos nostrum molestiae quibusdam. Non quasi doloremque saepe non sint. Ut quas nulla nisi dignissimos exercitationem.','1987-01-08 16:13:01','1987-10-29 10:10:34'),(91,91,91,'Necessitatibus animi doloremque officia et. Esse et est cupiditate dolorum. Alias illo cupiditate deserunt sint consequuntur.','1981-12-11 18:40:48','2017-01-13 16:34:25'),(92,92,92,'Impedit nisi reprehenderit error et. Et voluptatem non enim nihil fugit eos nam quibusdam. Qui alias doloremque accusantium nisi debitis. Dolor cum qui dolorem veritatis et.','1974-02-23 21:09:44','1997-04-04 20:28:37'),(93,93,93,'Saepe tempora sint accusamus mollitia quia dolorem autem. Voluptatem voluptas voluptas neque aut sapiente nam quas. Perspiciatis sit alias quas aut.','1976-02-26 02:29:00','1991-03-22 09:02:21'),(94,94,94,'Ut quis autem consequuntur sed fuga. Necessitatibus iste soluta odit molestias. Nam a nesciunt vel qui sit. Temporibus alias quo rerum illum.','1986-05-07 13:50:24','2004-02-18 20:10:49'),(95,95,95,'Nostrum non maxime voluptatem natus provident minus omnis. Veniam maiores nam rerum blanditiis molestias. Non earum ipsam eos eveniet.','2022-10-22 19:27:11','2019-06-27 21:52:25'),(96,96,96,'Quas et doloribus harum voluptas odit ab aliquid. Explicabo expedita voluptatem repellendus minima atque et. Vel repudiandae natus sit adipisci rerum. Eum quia optio aut minima.','1999-09-13 05:24:20','2004-04-13 01:17:09'),(97,97,97,'Quasi minima numquam vel expedita consequatur blanditiis. Maxime dolorum dolor at et nihil quia vel vel. Expedita incidunt enim culpa sed qui qui qui. Unde quae ut suscipit libero tempora veniam.','2017-05-27 03:51:28','2002-09-05 09:16:41'),(98,98,98,'A et eum ut pariatur ut nisi. Tenetur explicabo ut molestias sequi excepturi tenetur. Officia et dolorem quo sit voluptatem exercitationem nesciunt.','1971-05-18 22:06:13','1980-04-15 17:08:28'),(99,99,99,'Et iste exercitationem esse sed dicta aut soluta. Error culpa distinctio ullam veniam magnam sunt atque iste. Officia porro architecto voluptas cum alias natus.','2013-01-24 14:02:16','1991-08-13 16:47:09'),(100,100,100,'Perferendis quod repellendus eligendi aut rerum iusto id. Est maiores reiciendis soluta dolorem. Quam nobis repellat explicabo eum. Doloribus molestiae id soluta tenetur praesentium.','1976-02-18 22:33:02','1976-08-09 17:26:03');
/*!40000 ALTER TABLE `comments` ENABLE KEYS */;

--
-- Table structure for table `employees`
--

/*!40101 SET @saved_cs_client     = @@character_set_client */;
/*!50503 SET character_set_client = utf8mb4 */;
CREATE TABLE `employees` (
  `emp_id` int NOT NULL AUTO_INCREMENT,
  `first_name` varchar(50) COLLATE utf8mb4_unicode_ci NOT NULL,
  `last_name` varchar(50) COLLATE utf8mb4_unicode_ci NOT NULL,
  `email` varchar(100) COLLATE utf8mb4_unicode_ci DEFAULT NULL,
  `job_title` varchar(100) COLLATE utf8mb4_unicode_ci DEFAULT NULL,
  PRIMARY KEY (`emp_id`)
) ENGINE=InnoDB AUTO_INCREMENT=101 DEFAULT CHARSET=utf8mb4 COLLATE=utf8mb4_unicode_ci;
/*!40101 SET character_set_client = @saved_cs_client */;

--
-- Dumping data for table `employees`
--

/*!40000 ALTER TABLE `employees` DISABLE KEYS */;
INSERT INTO `employees` VALUES (1,'Leonie','Jast','jwillms@example.com','Aut animi minus neque consectetur qui ad.'),(2,'Sarah','Mertz','sasha69@example.org','Quia necessitatibus et sed ea quas.'),(3,'Haley','Little','lamont.schmeler@example.org','In animi dicta neque eos exercitationem totam aliquam excepturi.'),(4,'Gerard','Funk','monte.lynch@example.org','Quaerat non tenetur et.'),(5,'Efrain','Barrows','geovanni87@example.com','Quia veritatis beatae in sint.'),(6,'Cecilia','Champlin','turcotte.novella@example.com','Et molestiae adipisci non.'),(7,'Lilian','Fahey','bianka.trantow@example.com','Nemo facere quasi modi et nostrum quisquam.'),(8,'Aurelia','Harvey','astrid.marquardt@example.org','Reiciendis et deserunt tempora vitae et dolores sit.'),(9,'Blanca','Walter','oluettgen@example.net','Laborum similique aliquid odit minima.'),(10,'Jannie','Rempel','uwehner@example.com','Sed quaerat voluptatem suscipit unde enim.'),(11,'Madisyn','O\'Connell','marley83@example.com','Quo possimus ea voluptatem ut culpa minus.'),(12,'Aniya','Dooley','rritchie@example.com','Minus ipsam impedit quia et in sit non consequatur.'),(13,'Abbie','Block','marlen84@example.com','Deleniti eligendi sit nihil id.'),(14,'Orland','Langosh','frieda.bogan@example.org','Fuga nisi vero atque inventore minus.'),(15,'Hope','Durgan','bpowlowski@example.net','Tempora totam voluptates molestiae a voluptatibus rerum consequatur.'),(16,'Chris','Larkin','schiller.nelle@example.com','Expedita rerum sunt animi eum omnis assumenda.'),(17,'Bradley','Pagac','zella.yost@example.com','Similique officiis id nisi accusantium fugit hic.'),(18,'Blaze','Goyette','tlegros@example.com','Impedit alias ex doloribus magnam sed ut voluptatibus rerum.'),(19,'Misty','Considine','don07@example.org','Aperiam sed eaque non consequatur.'),(20,'Candice','Bauch','joey15@example.org','Consequuntur aliquid quae culpa non.'),(21,'Marty','Daugherty','lkrajcik@example.com','Et est enim soluta.'),(22,'Fabian','Mueller','lindgren.eleanora@example.net','Consequatur et eaque omnis ipsam animi sint.'),(23,'Flavio','Hartmann','scotty20@example.net','Reprehenderit omnis exercitationem nihil quaerat dolores qui aut.'),(24,'Haleigh','Blanda','chris.rice@example.org','Incidunt optio molestias qui.'),(25,'Maia','Beier','koelpin.merle@example.org','Illo ducimus et quis corrupti animi soluta.'),(26,'Baylee','Leuschke','murray80@example.org','Assumenda velit nobis ut blanditiis dolorem.'),(27,'Roxane','Ortiz','verna.okuneva@example.org','Dicta qui in rerum enim illum nam.'),(28,'Mandy','Homenick','weimann.hilbert@example.com','Est numquam a perferendis et eos.'),(29,'Noemi','Mitchell','lynch.cristina@example.com','Occaecati sed provident non est deleniti.'),(30,'Clementina','Donnelly','madalyn.hand@example.org','Voluptatem voluptate dicta ad.'),(31,'Domenick','Heaney','harley.d\'amore@example.org','Ad magnam non molestias est.'),(32,'Angel','Lockman','kip63@example.org','Voluptas rem facere corporis asperiores voluptates.'),(33,'Marilyne','McDermott','schaden.brandyn@example.net','Voluptatem veritatis laborum expedita cum esse.'),(34,'Shaniya','Bednar','bahringer.aylin@example.org','Aut veniam qui iure nemo.'),(35,'Ada','Bradtke','rahsaan71@example.org','Itaque at iusto enim.'),(36,'Jalon','Bartell','mcdermott.leann@example.org','Culpa quis consequatur saepe asperiores.'),(37,'Anais','Orn','spredovic@example.net','Ab voluptates est accusantium explicabo sed sunt.'),(38,'Tamia','Crist','ularson@example.org','Accusamus aperiam ipsa quos ut vitae.'),(39,'Harmony','Kessler','america31@example.com','Dicta aut fuga rem.'),(40,'Leopold','Zieme','lelah05@example.com','Aut velit odit qui quis neque eligendi.'),(41,'Jamel','Macejkovic','cecil.hettinger@example.net','Ut ut odit omnis omnis est ut.'),(42,'Libby','O\'Reilly','hilpert.constantin@example.org','Ut rerum facilis cupiditate nihil molestiae aperiam incidunt architecto.'),(43,'Hortense','Champlin','fondricka@example.com','Qui modi rerum sint dignissimos sed pariatur.'),(44,'Carleton','Frami','kyra.ullrich@example.net','Consequatur unde ipsam aliquam unde cupiditate.'),(45,'Kendall','Lindgren','ruecker.forrest@example.net','Reiciendis quo sit laudantium nam rerum.'),(46,'Kian','Lind','margaret.bruen@example.com','Eveniet aut omnis dolorem natus ducimus.'),(47,'Raven','Kautzer','mccullough.jerel@example.com','Dolorum dignissimos voluptatem culpa temporibus.'),(48,'Vincenzo','Hills','tbogisich@example.org','Nam est similique cupiditate quo tempora.'),(49,'Giovani','Prohaska','qmaggio@example.net','Aliquam blanditiis quia necessitatibus quidem consequuntur.'),(50,'Efrain','Klein','marielle.kiehn@example.com','Fugiat qui consectetur nulla aliquam recusandae aut.'),(51,'Diamond','Dooley','keegan93@example.com','Ducimus hic deleniti quia ut rem.'),(52,'Moshe','Goldner','elda.zemlak@example.com','Doloremque labore reprehenderit nihil nihil.'),(53,'Anita','Green','obrakus@example.net','Velit neque voluptas ad voluptatem autem aut autem perferendis.'),(54,'Manley','Harvey','efren.larkin@example.com','Aliquam quae velit temporibus adipisci dolores cumque.'),(55,'Rosalind','Howell','hkuvalis@example.org','Atque perferendis occaecati ab temporibus.'),(56,'Waylon','Ebert','ruecker.bradford@example.net','Nobis voluptas eos est asperiores.'),(57,'Alejandra','Collier','ybeier@example.org','Nam ut numquam qui consectetur dolorem.'),(58,'Candido','Bernhard','annabell97@example.com','Esse hic voluptatibus reiciendis debitis non at necessitatibus cupiditate.'),(59,'Loyal','Hartmann','lpacocha@example.net','Officiis expedita saepe est dolorum exercitationem quis aut aut.'),(60,'Mackenzie','Heaney','chyna.boyer@example.com','Fuga quod dolor voluptas placeat et ipsam.'),(61,'Kay','Nikolaus','kelsi09@example.org','Quod commodi porro doloremque temporibus aut aut natus voluptatem.'),(62,'Georgiana','Will','efrain.mccullough@example.com','Corrupti qui repellendus quibusdam ab.'),(63,'David','Stehr','kking@example.net','Eos ab ut ipsam et est.'),(64,'Delfina','Cronin','eryn39@example.com','Facilis harum qui quia rerum neque omnis aperiam expedita.'),(65,'Hunter','Ratke','olaf70@example.org','Eos culpa minus similique in.'),(66,'Sydney','Runte','chelsea77@example.com','Voluptates nam ut perspiciatis ea repellendus iure dolorum.'),(67,'Elise','Baumbach','qjaskolski@example.org','Aliquid assumenda neque at.'),(68,'Lisandro','Crooks','berenice05@example.org','Voluptas sunt amet corporis ut quibusdam accusamus illum.'),(69,'Selmer','Greenholt','merritt.hilll@example.com','Voluptatum voluptatibus reiciendis quaerat voluptas.'),(70,'Luella','Rolfson','lbreitenberg@example.com','Earum iste asperiores aut quia excepturi et quia magnam.'),(71,'Paige','Heathcote','jeremy.mante@example.com','Ad dicta maxime magni voluptas et et molestias consequatur.'),(72,'Laurence','Rolfson','kennedy64@example.org','Consequatur minus non qui delectus impedit quod.'),(73,'Omari','Crooks','randall.o\'kon@example.com','Officia reprehenderit quia harum dignissimos laborum ut.'),(74,'Nikki','Bruen','lauretta64@example.org','Voluptatibus vel debitis labore eum aut.'),(75,'Kelsie','Willms','kailey30@example.org','Impedit in debitis nostrum reprehenderit magni nesciunt et.'),(76,'Jaunita','Stehr','ehagenes@example.net','Iusto assumenda pariatur non totam molestiae consequuntur.'),(77,'Bessie','Jakubowski','korbin.schuster@example.org','Fugit atque ducimus unde autem ad est.'),(78,'Gilberto','Kling','bert.connelly@example.net','Quis quo qui voluptatum laboriosam non nihil.'),(79,'Donato','Hand','london41@example.net','Pariatur fugit accusantium nemo doloremque est sunt.'),(80,'Henderson','Haag','anika08@example.com','Sed voluptates voluptas placeat eaque aut necessitatibus.'),(81,'Flavie','Tromp','gilda.quigley@example.com','Autem tenetur ut non.'),(82,'Morgan','Champlin','raoul82@example.com','Quam soluta repellendus fugit eum tempore non.'),(83,'Angus','Johns','streich.dayna@example.com','Repudiandae omnis aut aut optio earum et fuga.'),(84,'Lorenzo','Williamson','hand.bridgette@example.net','Esse ut expedita optio est consequatur.'),(85,'Emmett','Erdman','elynch@example.org','Facilis culpa qui eveniet est et fugit culpa.'),(86,'Destiny','Rice','zita.rosenbaum@example.com','Quae ut accusamus ut nostrum velit.'),(87,'Ward','Larson','ywindler@example.net','Ea sint in rerum incidunt architecto similique.'),(88,'Rowena','Rice','sturner@example.net','Qui sit sint libero.'),(89,'Khalil','Stehr','kreichert@example.org','Assumenda commodi corporis id laudantium non sint est.'),(90,'Elouise','Schoen','jayden13@example.net','Ut reiciendis adipisci nihil et minima consequatur nobis molestiae.'),(91,'Lyric','Moore','pouros.elmo@example.net','Vel qui et enim at.'),(92,'Domenic','Okuneva','tboyle@example.com','Nesciunt non enim qui doloribus consequatur cumque et.'),(93,'Addison','Stark','conn.afton@example.net','Dolores ipsa molestias molestiae sit occaecati vero.'),(94,'Miller','Wiza','isabel.rosenbaum@example.org','Eius nihil earum culpa laborum eum quibusdam nostrum nihil.'),(95,'Marilie','Schultz','josefa53@example.net','Dolores provident quia consectetur.'),(96,'Corbin','Brekke','amparo.gorczany@example.com','Qui animi temporibus voluptas natus quia assumenda.'),(97,'Larissa','Steuber','carroll.kali@example.com','Odit aut reprehenderit earum atque adipisci itaque ab.'),(98,'Marc','Roob','zack.von@example.net','Et et dolorem non quis.'),(99,'Hettie','Runolfsdottir','lester14@example.net','Distinctio facilis qui consequatur et tempore velit voluptatem.'),(100,'Fanny','Goldner','reina.boyle@example.net','Accusantium id quibusdam maxime consectetur et enim enim.');
/*!40000 ALTER TABLE `employees` ENABLE KEYS */;

--
-- Table structure for table `posts`
--

/*!40101 SET @saved_cs_client     = @@character_set_client */;
/*!50503 SET character_set_client = utf8mb4 */;
CREATE TABLE `posts` (
  `id` int NOT NULL AUTO_INCREMENT,
  `user_id` int NOT NULL,
  `title` varchar(100) NOT NULL,
  `body` text,
  `created_at` timestamp NULL DEFAULT CURRENT_TIMESTAMP,
  `updated_at` timestamp NULL DEFAULT CURRENT_TIMESTAMP ON UPDATE CURRENT_TIMESTAMP,
  PRIMARY KEY (`id`),
  KEY `user_id` (`user_id`),
  CONSTRAINT `posts_ibfk_1` FOREIGN KEY (`user_id`) REFERENCES `users` (`id`) ON DELETE CASCADE
) ENGINE=InnoDB AUTO_INCREMENT=101 DEFAULT CHARSET=utf8mb4 COLLATE=utf8mb4_0900_ai_ci;
/*!40101 SET character_set_client = @saved_cs_client */;

--
-- Dumping data for table `posts`
--

/*!40000 ALTER TABLE `posts` DISABLE KEYS */;
INSERT INTO `posts` VALUES (1,1,'Corrupti voluptatem deleniti deserunt ullam.','Blanditiis harum nulla exercitationem sit itaque voluptatem. Vitae ut hic quaerat cumque aut.','1982-05-24 11:30:08','2016-03-05 11:07:49'),(2,2,'Vitae excepturi delectus doloremque illo.','Quo at repellendus hic occaecati repellat eveniet. Aliquam earum inventore officiis explicabo voluptas aspernatur. Omnis odit ut culpa est. In omnis voluptate ullam laboriosam enim.','1997-06-20 06:28:44','2020-08-28 12:26:00'),(3,3,'Consequatur voluptatibus vel quia voluptas officiis quia possimus.','Qui delectus voluptas ut aliquid blanditiis. Delectus expedita amet aperiam nisi. Non aut sequi repellendus blanditiis enim ut.','2013-07-05 13:16:15','1974-07-31 19:34:41'),(4,4,'Temporibus laboriosam aliquam architecto quis rerum.','Dolorum explicabo dignissimos sit voluptatem. Inventore et in quo. Quae velit rerum nihil mollitia deleniti rerum. Ducimus amet necessitatibus veritatis. At eos voluptas perferendis dolore facere.','1988-01-08 21:18:08','1990-03-15 20:01:56'),(5,5,'Cum soluta repellendus voluptatem sint qui distinctio pariatur.','Exercitationem vitae ut consectetur quia aut magni dolorem. Veniam iure quo minus laboriosam dolores. Voluptates ut laborum aspernatur voluptas et voluptatem consequatur.','2009-10-15 06:17:16','1996-07-14 13:20:04'),(6,6,'Expedita provident quo rerum id voluptatum voluptatibus est.','Non fuga corrupti eum aut expedita ut qui. Dolorem adipisci ab sit esse dolores. Est autem impedit dolor.','1991-04-23 23:29:21','2006-03-25 08:25:36'),(7,7,'Qui distinctio qui minima sunt dolores sunt.','Odit aut aut voluptatum eius sit dolorem magni. Ex excepturi quisquam qui doloribus. Culpa atque vel quisquam harum qui aspernatur.','2015-04-19 10:04:58','2023-01-31 01:43:47'),(8,8,'Cumque ducimus aspernatur ex doloribus recusandae iure ipsam.','Expedita dolor qui velit adipisci ipsa. Ab voluptatum vel dolor voluptatem accusamus repellat. Temporibus est ipsa quod repellendus ullam. Qui voluptas incidunt nihil repellendus error quod asperiores. Molestiae ipsam rerum odit sapiente dolorem maxime molestiae consequatur.','1992-09-25 00:40:13','1999-09-21 22:33:37'),(9,9,'Architecto quia dignissimos asperiores molestiae aut eos veniam.','Consequatur id asperiores provident cum. Consequuntur est molestias autem. Illum vitae est omnis. Sunt omnis nulla et nesciunt et.','1984-07-13 08:12:51','2004-07-27 18:05:11'),(10,10,'Laboriosam repellendus et cupiditate velit.','Quos porro dolores accusantium quia. Deleniti aliquid temporibus exercitationem sit dolorem. Vero at voluptates et a. Voluptates deleniti at quia mollitia assumenda facere qui. Soluta esse voluptatem reiciendis qui iure voluptatem.','2010-08-02 20:35:33','1973-08-19 00:07:38'),(11,11,'Et dolore ratione voluptatem et aliquam est.','Aut repellat occaecati laborum ex eveniet illo sit. Sapiente quia perspiciatis ut eum nisi aut nemo. Eum est veritatis qui voluptas rerum qui aliquam.','2004-05-23 05:04:13','1995-10-08 15:57:58'),(12,12,'Sed autem autem et quaerat dolore.','Ad natus numquam id cupiditate minus cum quasi. Adipisci fuga saepe optio minima deserunt magni rerum sequi. Assumenda deserunt accusantium accusamus dolore. Placeat ut facilis est in omnis vitae aspernatur.','2015-12-18 05:09:02','2020-04-01 07:19:17'),(13,13,'Sunt nisi et ratione.','Nesciunt cumque omnis aspernatur non ullam. Quae autem voluptas impedit non molestias dolore pariatur accusantium. Voluptas vel vel libero qui quisquam quae cupiditate. Ut perferendis animi et non et sit eveniet.','1997-02-22 19:43:21','2003-02-04 02:03:13'),(14,14,'Quia similique ea qui ut beatae aperiam.','At magni est eius sed itaque. Aut vel sequi aperiam perferendis velit ut et suscipit. Ut illo architecto voluptas in soluta.','1993-08-09 19:27:19','1974-03-17 11:40:19'),(15,15,'In molestiae eos velit eos officiis unde.','Officia unde quis reprehenderit veniam nihil. Cum amet numquam deserunt sapiente magni minus maxime sint. Aut voluptate consequuntur autem corrupti quas ut iste. Fugit aut quaerat sint corrupti aut.','1971-11-17 02:09:42','1985-02-20 09:41:14'),(16,16,'Aspernatur molestiae sunt atque unde fuga.','Quia consequatur minima rem rem eum accusamus omnis. Perspiciatis maiores eligendi eos aut voluptates tempore inventore.','2003-06-30 19:54:09','1995-04-20 13:41:43'),(17,17,'Cum dolorem dignissimos commodi delectus hic.','Quidem maxime incidunt debitis et deserunt omnis laboriosam. Ipsa quae sed aut et nam iusto voluptate. Quidem nihil amet quo nobis ut accusamus et dolor.','2013-04-09 22:29:29','1976-11-16 21:43:33'),(18,18,'Nam eius repellat id quo numquam.','Enim nisi hic esse ea. Iste debitis voluptatem debitis atque eos. Consequatur tempora ducimus ut dolorem. Explicabo rerum aliquid aperiam reiciendis consequatur itaque et.','1999-11-26 14:40:33','1982-01-15 23:44:05'),(19,19,'Autem repudiandae omnis dignissimos aspernatur in.','Est consectetur dolorem facilis eaque et voluptatem enim. Distinctio adipisci assumenda rerum excepturi minus in ut. Inventore saepe deserunt molestias aut.','2010-01-29 04:20:23','1976-08-21 17:39:58'),(20,20,'Cum nam ut ut quod temporibus natus ut vel.','Dignissimos ut commodi qui in eos natus accusantium veniam. Ut ut soluta commodi repellendus architecto ad. A rerum et impedit eveniet voluptas et sit aut.','1994-01-18 20:12:47','2009-01-06 00:18:21'),(21,21,'Soluta tempore itaque et blanditiis ut reiciendis voluptatem.','Voluptates porro repellendus ducimus eius corrupti libero. Eos quia rerum alias quas. Fugit et similique consequatur dolor.','2003-01-19 13:49:37','1984-02-12 08:53:04'),(22,22,'Cumque est repellendus dolorem commodi aperiam qui.','Eos officia minima commodi voluptatum. Omnis earum ut est consequatur dolor earum.','1999-04-13 11:43:38','2015-06-22 15:20:37'),(23,23,'Ipsam dolores libero delectus at.','Et aperiam iusto voluptatem et neque ab. Dolorem voluptas ipsam qui qui officia. Suscipit magni esse voluptatum iste. Excepturi qui dolore cumque.','1993-05-02 22:30:40','1987-04-26 17:57:19'),(24,24,'Iste culpa corporis voluptas sit quia.','Aperiam et similique voluptatem minima ut. Deleniti a voluptatem mollitia perferendis ratione minima fugit. Rerum officiis perspiciatis sequi natus. Aut aut dolor id consequatur.','1973-07-26 23:39:10','1990-06-05 07:01:13'),(25,25,'Accusantium quia odio aut ab sint ut possimus necessitatibus.','Praesentium quidem similique pariatur qui. Illo tempore quia voluptate dolores asperiores modi consectetur. Aut sunt qui voluptas eos sapiente molestiae. Rerum dolorem odit corrupti ut.','1995-12-29 08:07:05','1997-11-25 16:52:18'),(26,26,'Corrupti nam dolor vel eveniet.','Voluptatem iusto quod voluptate quidem sunt enim. Eligendi facere alias doloremque culpa quae. Id quidem asperiores accusantium dolores numquam molestiae.','2000-03-24 19:12:18','2005-04-09 19:23:10'),(27,27,'Et numquam consequatur sit a eum aspernatur et.','Enim vero consequatur ipsa ab. Assumenda ut voluptas ipsam quos tenetur. Optio aliquam iure dolorum sequi vel. Quo sunt in fuga quia fugiat.','1981-05-13 08:01:16','2012-02-13 14:36:56'),(28,28,'Voluptas officiis omnis est ipsa sit rerum.','Autem minus veniam aut aut neque ab. Voluptas ullam autem iure. Qui veritatis dolore nemo saepe distinctio sequi.','2014-12-04 16:03:11','2000-08-12 08:44:46'),(29,29,'Nobis voluptas et repellendus eum voluptatem quo.','Aut maiores quis aut qui. Aut voluptas possimus voluptatem vitae ea quia. Excepturi omnis quia tempora ullam.','1998-05-02 08:47:43','2001-06-08 05:38:15'),(30,30,'Dolorem quasi fuga quaerat nobis veniam eveniet.','Rerum saepe quis laborum voluptas consequuntur autem eligendi. Laudantium omnis id aliquid impedit cupiditate et reprehenderit. Minima temporibus in illum temporibus ut exercitationem voluptatibus.','1985-08-20 10:32:45','1970-09-04 19:20:34'),(31,31,'Qui rem consectetur reprehenderit cum tenetur unde ullam.','Esse deserunt ut nostrum sunt. Corrupti quis tenetur impedit est molestiae non labore. Voluptates dolorem commodi aut id dicta doloribus dolor. Error molestiae recusandae mollitia saepe excepturi in.','1984-05-20 08:52:47','2016-03-20 14:04:23'),(32,32,'Voluptas animi vero praesentium et eius aut libero.','Iusto dolor earum ipsum qui culpa. Sed saepe facilis vel eaque. Consequatur accusantium iusto perferendis adipisci est. Ut quo ullam quia tempore rerum atque.','1996-10-14 01:33:33','1979-12-24 11:39:32'),(33,33,'Error officia illum sequi soluta eligendi.','Iure suscipit quis sed qui. Minus nostrum quaerat possimus dolor aut. Et odio qui exercitationem omnis reiciendis saepe.','1979-07-07 00:18:00','2001-02-19 16:25:53'),(34,34,'Vero voluptate ut ab amet culpa ullam delectus.','Aut et quia adipisci dolore non blanditiis. Quibusdam amet quaerat aliquam cumque aut natus. Tempora labore ratione corrupti et ex et incidunt. Sed rerum voluptatem sit hic.','2015-10-24 19:25:42','1978-05-20 08:45:09'),(35,35,'Sed fugit porro omnis rerum incidunt.','Accusamus aperiam et voluptatem. Rerum blanditiis quia aut cupiditate. Omnis fuga qui aut qui optio fuga nostrum.','1981-03-22 11:26:39','1994-12-21 10:29:46'),(36,36,'Perferendis aut soluta aut optio nesciunt cum laborum enim.','Molestiae et beatae maxime nobis necessitatibus voluptas voluptatem qui. Et ipsum dolor sit earum quidem enim. Quia et explicabo voluptatem cum. Autem tenetur dolor aperiam iure deleniti sequi nobis magnam.','1996-11-03 06:44:32','1990-04-10 12:32:31'),(37,37,'Fuga natus molestias et est commodi dicta.','Porro amet eum excepturi omnis consectetur dicta impedit ullam. Et non ut voluptas reprehenderit et perferendis sequi voluptas. Ea maiores necessitatibus quo assumenda optio dolores voluptate. Sit aut ut voluptates.','2005-03-01 05:03:32','1988-07-14 16:11:01'),(38,38,'Accusantium veniam repudiandae quae mollitia.','Cumque sint autem voluptatibus aperiam reiciendis omnis maxime. Rem cum maiores facere dolores ducimus repellendus doloremque. Quia ipsum doloribus aperiam aut dignissimos.','1974-06-01 02:40:47','1989-03-21 03:46:08'),(39,39,'Maxime necessitatibus accusantium non autem nobis voluptate.','Expedita autem maiores nostrum eum blanditiis. Voluptatum accusamus vitae quisquam alias ipsam quis. Qui fugit qui error blanditiis. Voluptatum ut dolorum quo ducimus et neque.','2009-10-24 15:27:29','1997-10-28 00:52:24'),(40,40,'Est impedit odio at natus sit.','Repellat omnis sint soluta sunt quia ab suscipit deleniti. Occaecati quas temporibus animi eius omnis aut. Qui magni beatae inventore. Reprehenderit minima distinctio quaerat.','2015-07-11 00:07:42','1994-12-09 05:24:15'),(41,41,'Quo sit non nam et eos.','Necessitatibus suscipit facere quae ipsa possimus sed fugit. Sequi labore deserunt suscipit nihil.','2000-06-10 16:43:12','2021-04-14 15:57:20'),(42,42,'Quas rerum in culpa dignissimos placeat.','Rerum sed aut sunt ut fugit. Maxime non veritatis commodi soluta omnis qui.','2005-02-23 20:40:04','1975-09-07 09:32:05'),(43,43,'Corporis qui magni necessitatibus eligendi esse velit dolor.','Labore nisi sed iusto amet quia. Exercitationem natus et sit quia laboriosam. Labore nihil a repudiandae nihil facilis dolorem. Corrupti sint doloremque voluptate molestiae. Laboriosam rem rem qui eum est sint voluptatem.','2000-12-29 09:54:51','2021-03-11 02:45:11'),(44,44,'Repudiandae maiores neque quis.','Optio autem officiis fuga. Omnis quasi aliquid voluptatem fuga et. Quis nemo dolore cupiditate ea. Molestiae temporibus et architecto deserunt repellendus est rerum natus.','2011-01-17 02:32:40','2008-01-05 01:11:30'),(45,45,'Recusandae ut doloremque et consectetur et provident.','Facere fugit non dolores optio quae explicabo. Aliquam numquam perspiciatis fugiat id eius totam sunt. Libero doloremque qui sed voluptas consectetur nihil excepturi.','1977-03-26 18:53:12','1994-09-06 03:14:14'),(46,46,'Occaecati adipisci laborum minima.','Quisquam at eos reprehenderit quod aperiam omnis. Dolorem et ducimus voluptatem commodi sit ducimus error. Tempore quidem et aut cum voluptas suscipit porro illo.','1978-05-11 05:11:41','2010-09-01 02:30:51'),(47,47,'Eum aliquam unde esse sed autem.','Facere cumque corrupti voluptatem ipsa. Quo qui magnam quisquam quo omnis dicta eos optio. Delectus rem omnis dolores consequuntur placeat.','2006-06-01 12:49:58','1998-04-20 12:47:54'),(48,48,'Aspernatur et non labore doloremque unde est est.','Id eveniet eum enim accusantium enim sed. Consectetur maxime quae provident quos dicta tempore. Rerum qui eveniet consequatur quia.','1982-07-29 23:34:10','1982-12-22 09:58:03'),(49,49,'Adipisci inventore maiores tempore illum et.','Aut blanditiis sunt dignissimos rerum eos. Tempora ea aliquam nam dolorem quod. Nihil eum laudantium esse quasi et amet.','1998-03-11 12:39:23','2011-06-06 23:00:08'),(50,50,'Et corporis voluptatem quasi asperiores reprehenderit praesentium veniam.','Odit doloremque repudiandae exercitationem. Vitae incidunt ipsum laborum minima maxime et in perspiciatis. Dolorum veniam suscipit sint aut.','1970-07-30 09:56:27','1989-01-17 16:01:41'),(51,51,'Aperiam dolorem cupiditate maiores fuga.','Consequatur dolorum est dolorem omnis laborum fugiat voluptatibus. Alias rerum voluptas quis aut mollitia perspiciatis perferendis. Molestiae est quo suscipit officia repudiandae adipisci tenetur.','1978-10-09 03:08:51','2003-08-15 09:43:46'),(52,52,'Ut quia deleniti ipsum temporibus.','Praesentium impedit sapiente est repellendus magni ab molestiae. Quia numquam voluptas quasi eos quisquam nulla. Provident officiis sed sit fugiat quos praesentium dolores. Delectus ipsam error aut cumque quo et ducimus.','2006-08-12 15:56:11','1983-12-12 00:16:33'),(53,53,'Magnam dolorum facilis qui explicabo hic.','Ad nulla sequi et voluptas. In consequuntur placeat commodi accusantium. Sit ex maxime et et id asperiores. Iure accusamus est nam.','2016-11-19 17:09:42','1972-06-09 03:14:17'),(54,54,'Magnam nam assumenda corrupti qui ea.','Sunt eos iste placeat enim aut quo molestiae sunt. Ut voluptatem dolores nisi deserunt qui ipsam. Voluptate ipsum occaecati est consectetur eveniet doloribus.','2011-06-08 14:28:43','1986-10-22 05:53:11'),(55,55,'Ducimus quas cumque asperiores aut.','Aut harum veritatis sed aperiam aut quis sunt. Dignissimos quia voluptate qui quo quo laudantium voluptatem. Eaque nobis occaecati qui quos nemo qui quis. Eum dolores autem nisi dignissimos laudantium laborum.','2019-05-23 12:21:28','1981-09-29 22:47:21'),(56,56,'Aut magni eaque voluptatem sunt praesentium architecto.','Enim magni rerum eos at qui quam corrupti. Omnis ea et laborum aliquid reprehenderit. Omnis sed voluptatibus sed quibusdam.','1998-09-22 10:04:31','1979-08-06 07:33:10'),(57,57,'Quis est rerum dignissimos laudantium eaque non.','Vero quaerat praesentium non reprehenderit ab. Totam accusamus et culpa aut. Nemo non ut odit aperiam. Deserunt nisi voluptas vel reiciendis ad maiores.','1971-01-29 13:49:04','2021-08-17 17:58:49'),(58,58,'Officia voluptatem ut dolorem ab.','Porro qui soluta nihil quod quam officia. Architecto omnis velit iste deleniti animi eveniet.','1970-06-18 19:01:00','1997-07-25 21:54:46'),(59,59,'Nemo aut ducimus maiores.','Et perferendis sed dolor vitae. Ut quis iure odio ipsum sunt et. Ut mollitia ullam inventore.','2000-08-20 20:22:39','1976-07-19 02:19:12'),(60,60,'Explicabo quas quasi nihil quia qui.','Tempore dolorum nihil voluptatem aut ut laudantium. Maiores et a omnis sed. Harum quia aut consequuntur est distinctio autem sit reiciendis. Omnis illo libero aperiam id autem. Qui aspernatur est est iure harum quia.','1981-07-08 15:34:48','2012-07-31 09:40:43'),(61,61,'Numquam ut consequatur nihil amet sit.','Deserunt explicabo sint aperiam. Quia odio quasi itaque enim. Deleniti magnam quis ab est ut dolores voluptas saepe. Accusantium quas rerum in eum in repudiandae similique.','2004-03-01 21:49:42','2007-09-02 02:41:53'),(62,62,'Voluptatem qui reiciendis id vel ipsa accusamus non.','Dolore in laboriosam placeat maxime fugit ut molestiae omnis. Consequatur voluptas aut blanditiis qui fugiat et doloribus non. Repellat rerum molestiae a quo. Dolore dolor ad optio eveniet.','2023-03-13 19:05:52','2018-09-01 23:12:58'),(63,63,'Ut in qui reiciendis et ut et.','Aut enim accusamus accusantium. Rerum expedita et officia consequatur eius aut corporis. Qui cum necessitatibus maxime vel. Qui veniam eaque recusandae suscipit officiis.','1993-01-04 15:50:24','2015-07-15 11:31:28'),(64,64,'Totam recusandae possimus aut velit alias esse quod.','Quia optio quaerat minima nam aperiam dicta. Qui a enim earum fugiat blanditiis dolorem. Odio eligendi accusantium itaque aperiam minima illum non nobis. Nihil reprehenderit quam non quis hic nisi. Voluptatem veniam voluptas est fugiat magnam iste.','1995-06-03 18:36:57','1986-09-28 05:11:40'),(65,65,'Dolor autem natus qui eum qui sed optio.','Repellendus reiciendis eaque maxime cupiditate illum. Provident fugit exercitationem vero corporis voluptatem at. Quibusdam dolorem aut in eum sit.','1975-01-19 20:21:54','1976-02-01 01:10:00'),(66,66,'Et iste iure qui et adipisci consectetur voluptatum.','Rerum voluptatem corrupti facere nesciunt voluptas. Quia est ducimus ullam soluta doloribus nam expedita libero. Nulla corrupti magni vel qui. Sint velit qui quod amet. Ut eum ut officiis vel necessitatibus.','1978-03-21 16:59:37','2010-08-08 21:28:32'),(67,67,'Sed minus itaque et neque inventore nesciunt est.','Facere reprehenderit quaerat ut deleniti. Corrupti qui ab perferendis hic. Sed error possimus et ut ipsa sint amet.','1986-03-15 14:17:27','2005-07-11 19:22:00'),(68,68,'Quod a vitae dolor.','Aperiam quibusdam dolore perferendis voluptatum omnis mollitia omnis. Minus dicta et odit nihil quae. Illum illum enim quas. Similique esse tenetur magnam distinctio tempora ea. Nulla aperiam qui et tempore.','1982-11-23 02:37:48','1975-10-07 11:33:52'),(69,69,'Sed ut error velit excepturi praesentium dicta.','Qui impedit explicabo et nihil tempora. Error consequatur aut error voluptatem. Tempora et quidem et.','1977-08-15 04:18:57','1997-03-25 11:55:22'),(70,70,'Aut aliquam quibusdam odit magnam.','Consectetur optio et et aut minima ratione qui sed. Eos cum et ad perferendis corrupti libero. Et magni voluptatibus error consectetur. Asperiores blanditiis cupiditate eius.','1973-12-13 07:08:21','1976-02-26 15:48:38'),(71,71,'Eos molestiae harum maxime ut et.','Sapiente earum voluptatem itaque corporis inventore id. Ex veritatis quis enim quasi. Dolor consequatur veniam eius sunt. Voluptatum sunt iste laborum voluptas.','2021-12-02 08:08:39','2002-07-23 23:00:37'),(72,72,'Veritatis architecto exercitationem quia soluta debitis qui.','Rerum itaque ut omnis placeat. Dolorem sit non molestias minima est. Ut magnam illum facere debitis. Accusantium vero veritatis quia eos sit.','2013-11-14 17:44:00','1975-11-27 12:31:44'),(73,73,'Ex ut exercitationem corporis ipsa.','Temporibus amet molestias dolorem consequatur fugit numquam ab. Asperiores cum vel quasi. Debitis eius et sequi ut aperiam velit.','1982-04-28 05:00:32','2021-10-31 15:18:00'),(74,74,'Et rerum dolor omnis deserunt.','Quae aut odio architecto ea eos. Et ipsa provident cum. Ipsum dicta quos omnis dolor.','1981-06-17 14:46:41','1990-04-07 15:24:41'),(75,75,'Vel earum molestias possimus sed delectus dolore.','Consequuntur porro dolores consectetur ab animi omnis. Odio a sapiente tempore et dignissimos. Exercitationem officiis est et reiciendis quia eos commodi.','1982-08-03 16:44:51','2017-11-08 05:14:18'),(76,76,'Eum numquam numquam reprehenderit dolores et.','Et incidunt officia aut consequatur sit magnam dolorem. Quod molestiae minima vel sint et tempora est et. Quod totam vitae modi qui enim. Quia recusandae nisi aliquam itaque.','2008-05-23 07:17:26','1990-03-03 21:33:39'),(77,77,'Perspiciatis magni voluptate omnis velit totam natus placeat.','Autem dolor atque laborum minus dolore sit placeat. Beatae quia quo rerum sint sed in. Quidem dolor sint fugit quo sequi voluptatem et. Qui cupiditate numquam quam labore ut amet.','1978-03-22 07:57:28','2018-01-13 01:44:43'),(78,78,'Sed eum consequatur et aut iste.','Blanditiis est aut corporis dicta qui deleniti ut. Beatae ipsa dolor assumenda architecto quia accusamus quibusdam. Soluta impedit aperiam inventore maiores nam vel.','1990-11-28 13:46:40','2014-04-28 02:05:57'),(79,79,'Velit minima consequatur debitis dolores sint veniam tenetur.','Iste optio explicabo nihil. Tempora perspiciatis dignissimos id quis debitis quia. Quasi debitis sint nesciunt. Eum totam beatae ullam corrupti.','1971-12-20 13:01:38','1998-07-02 09:50:19'),(80,80,'Sed totam rerum sed quia est et quam.','Temporibus nostrum tempore qui a quod laboriosam. Sit vitae est suscipit aut voluptatem sunt maiores. Iusto aspernatur nihil consequatur corrupti enim placeat.','1974-04-16 22:26:18','1996-07-29 03:00:50'),(81,81,'Dolorum odit enim distinctio dolores.','Beatae tenetur cum eligendi minus. Veniam corrupti architecto debitis minus cum ipsum. Quia dolorem eum accusantium dolorem.','1976-08-09 10:52:46','1998-08-22 22:29:28'),(82,82,'Ullam aliquam tempore est corporis.','Debitis sequi ipsa excepturi ut est. Velit ab dolores accusantium. Esse sapiente ipsam molestiae nobis. Voluptatem et vel culpa molestiae sapiente quam et.','2011-09-05 04:50:24','2000-05-05 08:04:52'),(83,83,'Rerum distinctio laborum rerum mollitia omnis ea.','Quia rerum aspernatur suscipit consectetur qui ut et. Deleniti assumenda quibusdam voluptatem perferendis quae voluptas voluptatibus. Commodi est soluta est et perferendis quisquam.','2015-08-14 14:19:30','2001-10-23 02:29:36'),(84,84,'Illo sed quae reprehenderit nam adipisci quam vel.','Corrupti esse amet facilis totam quia quisquam aut. Iure voluptatum cumque molestias non. Qui eligendi rerum quia id non nesciunt odio dolor.','2011-09-24 17:13:27','1975-05-30 09:30:47'),(85,85,'Quo quos suscipit expedita labore aperiam id voluptatum quo.','Voluptate necessitatibus ut optio libero et animi vero est. Praesentium a voluptatum cumque. Cum aperiam explicabo animi qui.','1970-06-15 06:36:25','1997-08-25 03:27:57'),(86,86,'Sint velit totam provident autem.','Beatae blanditiis et ab qui. Earum exercitationem nobis laborum deleniti quasi velit. Fuga vel eligendi esse autem sunt sunt illum. Ut ratione dolores deserunt et veniam aut eligendi.','1971-06-16 23:22:30','1992-03-10 02:15:21'),(87,87,'Cupiditate molestiae inventore ratione sed recusandae voluptatibus nobis.','Quia aliquid laborum omnis nemo recusandae esse dolorum. Quis dolore debitis qui est omnis. Laboriosam reiciendis esse qui ducimus.','2016-09-14 22:55:42','1973-02-19 01:42:13'),(88,88,'Exercitationem quam fugiat facere cum ab dolores quis fugiat.','Eveniet dolorem quos et dolor. Repellendus est ut aut quia at est voluptatem. Voluptas debitis debitis fugit omnis quo fugit ipsam similique.','2019-09-20 14:00:33','1987-05-25 13:25:12'),(89,89,'Eos provident nobis ea corrupti id.','Quidem quaerat et exercitationem et voluptatem. Voluptatem rem perferendis animi deserunt ut. Non eos sit voluptates atque vel.','1997-04-18 10:02:45','2015-10-19 05:51:36'),(90,90,'Necessitatibus eum unde magnam non fugit excepturi.','Dolores qui porro omnis iste est qui ipsam. Aut inventore nostrum est. Perspiciatis sunt explicabo asperiores placeat. Distinctio ullam adipisci veritatis ut.','1973-02-26 13:38:46','1977-03-31 01:20:04'),(91,91,'Doloribus in asperiores voluptatibus inventore.','Molestiae harum sit dolorem inventore. Ut est at numquam deleniti tempore placeat at. Natus nobis praesentium aliquid qui. Magni voluptas odio vero qui et commodi quisquam.','1972-05-31 10:49:23','2016-02-28 14:16:50'),(92,92,'Laborum quod iure officiis eveniet vero dolorem.','Tempora voluptatibus repellendus numquam est dolor ut. Voluptates ipsa saepe quisquam nostrum consequatur quaerat.','1987-11-06 10:46:47','2005-11-02 03:45:58'),(93,93,'Soluta inventore maiores ut soluta et.','Aut quia ut dolorum. Velit suscipit labore placeat molestiae dolorum doloribus rerum. Earum nemo aut eum. Suscipit distinctio architecto repellat fugit ut nulla sint.','1991-11-18 06:52:50','2021-05-20 13:06:20'),(94,94,'Pariatur nemo voluptatem corporis eos quo dolorem maxime.','Autem dolor quidem reprehenderit et nulla inventore sit hic. Et at eos rem sit qui et molestias. Possimus ab consequuntur quam error soluta nam sapiente. Quia et dolorem aut.','1980-07-30 19:03:56','2005-06-29 23:34:13'),(95,95,'Asperiores optio deserunt sint.','Pariatur dignissimos adipisci provident consequatur ratione quam. Maxime inventore assumenda quis ad exercitationem nostrum. Recusandae necessitatibus nihil tempora soluta. Voluptatem ex quia distinctio cumque ex quae ut dolor.','1986-10-09 23:39:52','2012-05-15 16:13:11'),(96,96,'Non atque sint dicta est voluptatem blanditiis ut error.','Sint dolore recusandae exercitationem. Quod temporibus dolor commodi consequuntur. Natus sequi sequi est commodi porro. Sed fuga labore quis consequuntur repellendus est ut cupiditate.','1981-02-03 23:48:25','2004-09-06 12:05:42'),(97,97,'Quidem dolor reprehenderit id earum sapiente.','Ullam vero numquam sunt temporibus est magnam. Non repellendus laboriosam et omnis. Tempora et quae ut qui voluptatem sit ut. Fugit quo veritatis aut voluptas.','1992-05-25 09:17:27','1980-11-10 07:43:05'),(98,98,'Illum nobis sit et unde sint.','Voluptate asperiores consectetur deserunt facilis dolores eaque. Voluptates ut quibusdam in laudantium tenetur rem dicta. Eum nihil porro praesentium beatae quia necessitatibus recusandae optio.','1977-05-20 05:16:42','2013-05-26 04:01:39'),(99,99,'Placeat esse facere sit.','Omnis qui ad quia est fugiat. Sed voluptatem velit rerum porro quam ut. Omnis cumque molestias quisquam non molestias repellendus ad. Vero nulla illum in commodi eos.','1976-01-22 16:11:48','2015-07-01 18:40:40'),(100,100,'Quas minus saepe sed.','Rem numquam harum magni dolor enim hic dolores inventore. Exercitationem illum ab et voluptate a cumque. Accusamus veritatis ut debitis et dolores aut dolor veniam. Quas facere debitis neque rerum.','1986-04-25 11:30:11','2019-12-29 14:42:52');
/*!40000 ALTER TABLE `posts` ENABLE KEYS */;

--
-- Table structure for table `roles`
--

/*!40101 SET @saved_cs_client     = @@character_set_client */;
/*!50503 SET character_set_client = utf8mb4 */;
CREATE TABLE `roles` (
  `id` int NOT NULL AUTO_INCREMENT,
  `role_name` varchar(50) NOT NULL,
  PRIMARY KEY (`id`),
  UNIQUE KEY `role_name` (`role_name`)
) ENGINE=InnoDB AUTO_INCREMENT=101 DEFAULT CHARSET=utf8mb4 COLLATE=utf8mb4_0900_ai_ci;
/*!40101 SET character_set_client = @saved_cs_client */;

--
-- Dumping data for table `roles`
--

/*!40000 ALTER TABLE `roles` DISABLE KEYS */;
INSERT INTO `roles` VALUES (76,'a'),(53,'ab'),(9,'amet'),(94,'animi'),(49,'aperiam'),(74,'architecto'),(100,'aspernatur'),(91,'atque'),(21,'aut'),(34,'autem'),(64,'beatae'),(4,'commodi'),(14,'consequatur'),(55,'consequuntur'),(88,'corporis'),(15,'corrupti'),(41,'culpa'),(10,'cum'),(42,'cumque'),(68,'cupiditate'),(70,'deleniti'),(40,'dicta'),(23,'dignissimos'),(46,'distinctio'),(19,'dolorem'),(59,'dolores'),(58,'doloribus'),(95,'dolorum'),(81,'ducimus'),(45,'eaque'),(5,'earum'),(2,'eius'),(11,'eligendi'),(30,'enim'),(89,'eos'),(96,'esse'),(33,'est'),(47,'et'),(44,'eum'),(51,'exercitationem'),(97,'fugiat'),(57,'harum'),(24,'hic'),(18,'id'),(32,'impedit'),(67,'inventore'),(75,'ipsa'),(60,'ipsum'),(90,'itaque'),(82,'magni'),(8,'maiores'),(79,'maxime'),(7,'minima'),(80,'minus'),(17,'modi'),(31,'mollitia'),(78,'natus'),(38,'necessitatibus'),(99,'neque'),(65,'nihil'),(54,'nisi'),(84,'nobis'),(61,'non'),(36,'nostrum'),(27,'nulla'),(85,'odit'),(25,'officia'),(37,'omnis'),(20,'optio'),(87,'pariatur'),(1,'perferendis'),(56,'praesentium'),(39,'provident'),(28,'quae'),(6,'quam'),(43,'quasi'),(13,'quia'),(86,'quo'),(77,'quos'),(26,'recusandae'),(52,'rem'),(69,'repellat'),(93,'reprehenderit'),(73,'rerum'),(72,'saepe'),(66,'sequi'),(83,'sint'),(71,'sit'),(22,'suscipit'),(98,'tenetur'),(92,'totam'),(12,'unde'),(3,'ut'),(16,'vel'),(48,'velit'),(35,'veniam'),(63,'veritatis'),(29,'voluptas'),(50,'voluptatem'),(62,'voluptates');
/*!40000 ALTER TABLE `roles` ENABLE KEYS */;

--
-- Table structure for table `tbl_posts`
--

/*!40101 SET @saved_cs_client     = @@character_set_client */;
/*!50503 SET character_set_client = utf8mb4 */;
CREATE TABLE `tbl_posts` (
  `id_posts` int NOT NULL AUTO_INCREMENT,
  `user_profile_id` varchar(45) NOT NULL,
  `posting_hash` varchar(50) NOT NULL,
  `state` int NOT NULL DEFAULT '0',
  `posting_dt` datetime DEFAULT NULL,
  `create_dt` datetime NOT NULL DEFAULT CURRENT_TIMESTAMP,
  `img_count` int NOT NULL DEFAULT '0',
  `vid_count` int NOT NULL DEFAULT '0',
  `liker_count` int NOT NULL DEFAULT '0',
  PRIMARY KEY (`id_posts`),
  UNIQUE KEY `id_posts` (`id_posts`,`user_profile_id`,`posting_hash`),
  UNIQUE KEY `tbl_posts_UQ_tbl_posts_1` (`posting_hash`),
  KEY `tbl_posts_IX_tbl_posts_1` (`posting_hash`)
) ENGINE=InnoDB DEFAULT CHARSET=utf8mb4 COLLATE=utf8mb4_0900_ai_ci;
/*!40101 SET character_set_client = @saved_cs_client */;

--
-- Dumping data for table `tbl_posts`
--

/*!40000 ALTER TABLE `tbl_posts` DISABLE KEYS */;
/*!40000 ALTER TABLE `tbl_posts` ENABLE KEYS */;

--
-- Table structure for table `tbl_posts_comment_in_post`
--

/*!40101 SET @saved_cs_client     = @@character_set_client */;
/*!50503 SET character_set_client = utf8mb4 */;
CREATE TABLE `tbl_posts_comment_in_post` (
  `id_comment` int NOT NULL AUTO_INCREMENT,
  `user_profile_id` varchar(45) NOT NULL,
  `posting_hash` varchar(50) NOT NULL,
  `author` varchar(50) NOT NULL,
  `comment` text,
  `comment_dt` datetime DEFAULT NULL,
  `create_dt` datetime NOT NULL DEFAULT CURRENT_TIMESTAMP,
  `is_legacy` int NOT NULL DEFAULT '0',
  PRIMARY KEY (`id_comment`),
  UNIQUE KEY `id_comment` (`id_comment`)
) ENGINE=InnoDB DEFAULT CHARSET=utf8mb4 COLLATE=utf8mb4_0900_ai_ci;
/*!40101 SET character_set_client = @saved_cs_client */;

--
-- Dumping data for table `tbl_posts_comment_in_post`
--

/*!40000 ALTER TABLE `tbl_posts_comment_in_post` DISABLE KEYS */;
/*!40000 ALTER TABLE `tbl_posts_comment_in_post` ENABLE KEYS */;

--
-- Table structure for table `tbl_posts_hashtag_in_comment`
--

/*!40101 SET @saved_cs_client     = @@character_set_client */;
/*!50503 SET character_set_client = utf8mb4 */;
CREATE TABLE `tbl_posts_hashtag_in_comment` (
  `id_hashtag` int NOT NULL AUTO_INCREMENT,
  `id_comment` int NOT NULL,
  `user_profile_id` varchar(45) NOT NULL,
  `posting_hash` varchar(50) NOT NULL,
  `hashtag` varchar(255) NOT NULL,
  `create_dt` datetime NOT NULL DEFAULT CURRENT_TIMESTAMP,
  PRIMARY KEY (`id_hashtag`),
  UNIQUE KEY `id_hashtag` (`id_hashtag`)
) ENGINE=InnoDB DEFAULT CHARSET=utf8mb4 COLLATE=utf8mb4_0900_ai_ci;
/*!40101 SET character_set_client = @saved_cs_client */;

--
-- Dumping data for table `tbl_posts_hashtag_in_comment`
--

/*!40000 ALTER TABLE `tbl_posts_hashtag_in_comment` DISABLE KEYS */;
/*!40000 ALTER TABLE `tbl_posts_hashtag_in_comment` ENABLE KEYS */;

--
-- Table structure for table `tbl_posts_img_download`
--

/*!40101 SET @saved_cs_client     = @@character_set_client */;
/*!50503 SET character_set_client = utf8mb4 */;
CREATE TABLE `tbl_posts_img_download` (
  `id_img_dn` int NOT NULL AUTO_INCREMENT,
  `user_profile_id` varchar(45) NOT NULL,
  `posting_hash` varchar(50) NOT NULL,
  `img_url` text NOT NULL,
  `create_dt` datetime NOT NULL DEFAULT CURRENT_TIMESTAMP,
  PRIMARY KEY (`id_img_dn`),
  UNIQUE KEY `id_img_dn` (`id_img_dn`),
  KEY `tbl_posts_img_download_IX_tbl_posts_image_download_1` (`user_profile_id`,`id_img_dn`)
) ENGINE=InnoDB DEFAULT CHARSET=utf8mb4 COLLATE=utf8mb4_0900_ai_ci;
/*!40101 SET character_set_client = @saved_cs_client */;

--
-- Dumping data for table `tbl_posts_img_download`
--

/*!40000 ALTER TABLE `tbl_posts_img_download` DISABLE KEYS */;
/*!40000 ALTER TABLE `tbl_posts_img_download` ENABLE KEYS */;

--
-- Table structure for table `tbl_posts_likers`
--

/*!40101 SET @saved_cs_client     = @@character_set_client */;
/*!50503 SET character_set_client = utf8mb4 */;
CREATE TABLE `tbl_posts_likers` (
  `id_liker` int NOT NULL AUTO_INCREMENT,
  `user_profile_id` varchar(45) NOT NULL,
  `posting_hash` varchar(50) NOT NULL,
  `liker` varchar(50) NOT NULL,
  `create_dt` datetime NOT NULL DEFAULT CURRENT_TIMESTAMP,
  `is_legacy` int NOT NULL DEFAULT '0',
  PRIMARY KEY (`id_liker`),
  UNIQUE KEY `id_liker` (`id_liker`)
) ENGINE=InnoDB DEFAULT CHARSET=utf8mb4 COLLATE=utf8mb4_0900_ai_ci;
/*!40101 SET character_set_client = @saved_cs_client */;

--
-- Dumping data for table `tbl_posts_likers`
--

/*!40000 ALTER TABLE `tbl_posts_likers` DISABLE KEYS */;
/*!40000 ALTER TABLE `tbl_posts_likers` ENABLE KEYS */;

--
-- Table structure for table `tbl_posts_mentions_in_comment`
--

/*!40101 SET @saved_cs_client     = @@character_set_client */;
/*!50503 SET character_set_client = utf8mb4 */;
CREATE TABLE `tbl_posts_mentions_in_comment` (
  `id_mention` int NOT NULL AUTO_INCREMENT,
  `id_comment` int NOT NULL,
  `user_profile_id` varchar(45) NOT NULL,
  `posting_hash` varchar(50) NOT NULL,
  `mention` varchar(255) NOT NULL,
  `create_dt` datetime NOT NULL DEFAULT CURRENT_TIMESTAMP,
  PRIMARY KEY (`id_mention`),
  UNIQUE KEY `id_mention` (`id_mention`)
) ENGINE=InnoDB DEFAULT CHARSET=utf8mb4 COLLATE=utf8mb4_0900_ai_ci;
/*!40101 SET character_set_client = @saved_cs_client */;

--
-- Dumping data for table `tbl_posts_mentions_in_comment`
--

/*!40000 ALTER TABLE `tbl_posts_mentions_in_comment` DISABLE KEYS */;
/*!40000 ALTER TABLE `tbl_posts_mentions_in_comment` ENABLE KEYS */;

--
-- Table structure for table `tbl_posts_private_count`
--

/*!40101 SET @saved_cs_client     = @@character_set_client */;
/*!50503 SET character_set_client = utf8mb4 */;
CREATE TABLE `tbl_posts_private_count` (
  `id_post_private_count` int NOT NULL AUTO_INCREMENT,
  `user_profile_id` varchar(45) NOT NULL,
  `private_post_count` int NOT NULL DEFAULT '0',
  `create_dt` datetime NOT NULL DEFAULT CURRENT_TIMESTAMP,
  PRIMARY KEY (`id_post_private_count`),
  UNIQUE KEY `id_post_private_count` (`id_post_private_count`)
) ENGINE=InnoDB DEFAULT CHARSET=utf8mb4 COLLATE=utf8mb4_0900_ai_ci;
/*!40101 SET character_set_client = @saved_cs_client */;

--
-- Dumping data for table `tbl_posts_private_count`
--

/*!40000 ALTER TABLE `tbl_posts_private_count` DISABLE KEYS */;
/*!40000 ALTER TABLE `tbl_posts_private_count` ENABLE KEYS */;

--
-- Table structure for table `tbl_posts_vid_download`
--

/*!40101 SET @saved_cs_client     = @@character_set_client */;
/*!50503 SET character_set_client = utf8mb4 */;
CREATE TABLE `tbl_posts_vid_download` (
  `id_vid_dn` int NOT NULL AUTO_INCREMENT,
  `user_profile_id` varchar(45) NOT NULL,
  `posting_hash` varchar(50) NOT NULL,
  `vid_url` text NOT NULL,
  `create_dt` datetime NOT NULL DEFAULT CURRENT_TIMESTAMP,
  PRIMARY KEY (`id_vid_dn`),
  UNIQUE KEY `id_vid_dn` (`id_vid_dn`)
) ENGINE=InnoDB DEFAULT CHARSET=utf8mb4 COLLATE=utf8mb4_0900_ai_ci;
/*!40101 SET character_set_client = @saved_cs_client */;

--
-- Dumping data for table `tbl_posts_vid_download`
--

/*!40000 ALTER TABLE `tbl_posts_vid_download` DISABLE KEYS */;
/*!40000 ALTER TABLE `tbl_posts_vid_download` ENABLE KEYS */;

--
-- Table structure for table `tbl_profile`
--

/*!40101 SET @saved_cs_client     = @@character_set_client */;
/*!50503 SET character_set_client = utf8mb4 */;
CREATE TABLE `tbl_profile` (
  `id_profile` int NOT NULL AUTO_INCREMENT,
  `user_profile_id` varchar(45) NOT NULL,
  `dsc` text COMMENT '    .    ',
  `photo_url` text NOT NULL,
  `post_num` int NOT NULL,
  `follower_num` varchar(255) NOT NULL,
  `following_num` varchar(255) NOT NULL,
  `create_dt` datetime NOT NULL DEFAULT CURRENT_TIMESTAMP,
  PRIMARY KEY (`id_profile`),
  UNIQUE KEY `id_profile` (`id_profile`,`user_profile_id`),
  UNIQUE KEY `tbl_profile_UQ_tbl_profile_1` (`user_profile_id`),
  KEY `tbl_posts_private_count_IX_tbl_posts_private_count_1` (`user_profile_id`),
  KEY `tbl_profile_IX_tbl_profile_1` (`user_profile_id`)
) ENGINE=InnoDB DEFAULT CHARSET=utf8mb4 COLLATE=utf8mb4_0900_ai_ci;
/*!40101 SET character_set_client = @saved_cs_client */;

--
-- Dumping data for table `tbl_profile`
--

/*!40000 ALTER TABLE `tbl_profile` DISABLE KEYS */;
/*!40000 ALTER TABLE `tbl_profile` ENABLE KEYS */;

--
-- Table structure for table `user_details`
--

/*!40101 SET @saved_cs_client     = @@character_set_client */;
/*!50503 SET character_set_client = utf8mb4 */;
CREATE TABLE `user_details` (
  `id` int NOT NULL AUTO_INCREMENT,
  `user_id` int NOT NULL,
  `email` varchar(255) NOT NULL,
  `name` varchar(100) DEFAULT NULL,
  `address` varchar(255) DEFAULT NULL,
  `phone` varchar(20) DEFAULT NULL,
  `created_at` timestamp NULL DEFAULT CURRENT_TIMESTAMP,
  `updated_at` timestamp NULL DEFAULT CURRENT_TIMESTAMP ON UPDATE CURRENT_TIMESTAMP,
  PRIMARY KEY (`id`),
  KEY `user_id` (`user_id`),
  CONSTRAINT `user_details_ibfk_1` FOREIGN KEY (`user_id`) REFERENCES `users` (`id`) ON DELETE CASCADE
) ENGINE=InnoDB AUTO_INCREMENT=101 DEFAULT CHARSET=utf8mb4 COLLATE=utf8mb4_0900_ai_ci;
/*!40101 SET character_set_client = @saved_cs_client */;

--
-- Dumping data for table `user_details`
--

/*!40000 ALTER TABLE `user_details` DISABLE KEYS */;
INSERT INTO `user_details` VALUES (1,1,'tyra26@example.com','molestias','78625 Huel Road\nEast Cadenfort, PA 04953','(906)678-7966','2001-06-22 23:43:59','2008-04-11 10:58:33'),(2,2,'vfay@example.com','iste','428 Jane Turnpike Apt. 810\nLake Haroldport, MS 31471-8444','639-690-4142x86154','1983-03-05 10:06:10','2000-04-08 05:13:02'),(3,3,'xbartell@example.com','autem','70729 Rowe Rapid Apt. 252\nPort Jeniferchester, NV 95405','1-619-238-3494','1999-01-23 22:01:47','2006-11-08 08:50:47'),(4,4,'mona83@example.com','repudiandae','31663 Ayla Divide\nPort Celine, KY 21302-4989','(533)023-8993x34432','2004-07-06 12:49:34','1973-03-31 03:28:08'),(5,5,'heloise.carroll@example.net','atque','07661 Grant Loaf\nDarrylberg, CT 11608-3531','780-312-7399','2005-01-31 14:30:45','1979-03-27 10:42:01'),(6,6,'gulgowski.estella@example.net','ipsam','553 Monahan Mission\nSouth Nicklaus, MO 98326','1-388-677-7589x66569','1997-02-09 22:50:51','1986-01-13 05:06:11'),(7,7,'mozelle.toy@example.net','unde','2517 Kurtis Station Suite 464\nWest Angelo, ME 23280','(139)716-5547x271','2021-02-09 18:58:55','1983-06-25 22:33:38'),(8,8,'uhegmann@example.net','occaecati','8655 Hilpert Bypass\nPort Kolby, PA 36072-7990','1-021-372-1638x06722','1973-04-20 23:28:14','2009-06-10 07:45:07'),(9,9,'graham.orion@example.org','provident','3896 Leonora Inlet\nLake Filomenaland, CO 16822-0546','1-010-994-4178x229','1977-01-08 18:45:36','2002-09-09 02:22:20'),(10,10,'ldicki@example.net','quibusdam','988 Blanda Creek Apt. 281\nKlingbury, OH 32854','+03(4)5142654213','1996-06-28 15:48:03','1995-10-13 00:48:43'),(11,11,'rae.bergnaum@example.net','praesentium','6260 Christa Burg\nMalachiburgh, CA 17121-1244','1-524-978-2540','2002-07-29 02:57:40','1973-04-06 19:40:33'),(12,12,'chelsey16@example.org','rem','0210 Aylin Spur\nSouth Scotty, NV 79560-4583','442.311.9290','2020-04-28 04:22:31','1972-02-26 16:15:40'),(13,13,'ckautzer@example.org','hic','1535 Ankunding Locks Apt. 425\nNorth Jaylintown, OK 14227-5134','1-204-426-7306','1976-07-21 05:12:48','2003-04-26 00:56:01'),(14,14,'cwatsica@example.org','quibusdam','346 Lemke Loaf\nEast Nicolaberg, WY 65828','523.391.9028x8186','1976-01-26 06:58:37','2002-08-05 05:57:25'),(15,15,'hschoen@example.org','quisquam','3622 Mozell Squares\nEast Hankland, IA 40121','1-817-132-3011x75413','2012-11-06 16:55:10','2013-04-08 19:15:33'),(16,16,'abigale.renner@example.com','architecto','8071 Breitenberg Forest\nPort Alexandrine, IN 39002-0783','1-843-643-7823x76229','1981-02-25 18:02:29','1995-03-14 23:57:26'),(17,17,'stiedemann.franco@example.net','occaecati','0312 Carroll Plains Suite 381\nEast Stanfordville, MO 53251','753-078-4231x629','1998-07-25 05:50:22','1979-05-02 17:41:26'),(18,18,'alexzander58@example.net','possimus','082 Harris Squares\nNew Wymanchester, IL 95209-3532','(630)532-3239','2001-10-16 07:21:36','1991-09-24 10:39:34'),(19,19,'harry16@example.com','id','1205 Roberts Lodge\nLake Pearlieburgh, AR 95303','04235399081','2017-07-01 01:57:44','1980-10-10 14:47:25'),(20,20,'mikel.carter@example.net','porro','710 Doyle Islands Apt. 864\nNorth Kylatown, RI 00695-5785','297-882-3242x81277','2000-06-26 17:36:15','2010-10-30 10:15:26'),(21,21,'jewel37@example.net','qui','0867 Beahan Falls Suite 912\nNitzscheside, SC 19482','+23(1)4702056562','1974-05-16 11:33:12','1981-05-27 13:26:17'),(22,22,'keaton.volkman@example.net','deserunt','74013 Pfeffer Spur\nWest Tyree, AK 44385','(882)576-1208x152','1980-06-06 15:48:29','1973-03-10 05:06:18'),(23,23,'elmira.cronin@example.org','quidem','06962 Skiles Ridges\nNew Chanelleport, CT 42353-7144','08320887824','1982-02-25 13:23:04','1987-09-28 21:23:48'),(24,24,'julia.bayer@example.com','totam','896 Cesar Ferry Apt. 910\nWest Kyleigh, ND 10877','(077)599-4119x73965','1995-12-21 13:49:53','2013-09-13 16:23:59'),(25,25,'kristoffer.bernhard@example.net','delectus','126 Breanna Canyon Suite 463\nPinkport, MD 39818','1-247-561-1271','2023-01-12 09:07:18','1987-08-10 07:25:14'),(26,26,'lorenzo.mckenzie@example.com','sint','64180 Macejkovic Drive\nEast Amarashire, OH 26571-6163','(751)075-7391','1973-01-30 05:14:56','2004-05-29 15:03:20'),(27,27,'sedrick71@example.com','rem','8766 Batz Squares Suite 015\nNew Melody, NV 98169-7125','+36(3)3652149102','1994-06-23 00:51:37','1984-03-26 06:25:43'),(28,28,'dariana73@example.com','est','871 Mitchell Street\nEast Amy, MN 40456','(400)384-2913x59045','1980-11-05 13:16:21','1984-05-28 12:37:16'),(29,29,'emelia.baumbach@example.org','ut','61416 Powlowski Manors\nWest Morganfort, MI 90166-1909','314.294.3061','2016-06-15 16:52:06','1982-05-12 06:02:07'),(30,30,'jaime.toy@example.com','totam','2503 Davis Trail Apt. 486\nAlysonside, MN 75618-7194','1-479-684-3615x68475','2017-02-05 19:14:57','2015-06-18 23:33:47'),(31,31,'harvey.frami@example.org','ducimus','7221 Grady Lake Suite 584\nKennachester, IN 99552-5995','1-352-410-9547x9275','2005-12-02 23:51:16','1978-06-26 00:23:45'),(32,32,'emmie.white@example.com','tenetur','0748 Streich Stream Apt. 207\nO\'Reillyberg, NE 66102-0428','(046)432-7562','1984-05-13 00:12:39','2021-09-15 21:40:32'),(33,33,'eleonore33@example.net','voluptates','0480 Genesis Ports\nMargueriteland, NJ 54762-5641','(510)533-6605x3559','1999-12-14 17:27:43','1974-12-12 04:16:06'),(34,34,'corkery.chauncey@example.org','culpa','8155 Bradtke Pines\nPort Kendrick, KS 28449-3841','07257214828','1985-02-28 09:16:22','1993-12-07 05:05:54'),(35,35,'fschiller@example.com','velit','31541 Alyce Ford\nWest Stuartville, NY 36868-4400','1-426-872-2065','2016-08-13 19:09:50','1990-12-08 02:56:42'),(36,36,'wo\'reilly@example.com','enim','8530 Junius Radial\nCarleeburgh, DE 58940','1-276-362-8164x6246','2015-04-19 22:27:55','1997-07-29 18:27:25'),(37,37,'morar.patsy@example.net','sint','72839 Deckow Valley Apt. 875\nCarabury, CT 23334','(158)802-5877x826','2000-01-04 13:05:20','1984-05-09 10:00:14'),(38,38,'pbatz@example.org','velit','885 Kessler Viaduct\nPort Bobbyhaven, WI 44738-9324','1-562-748-8870x0895','2008-01-08 23:09:49','1984-05-19 18:20:28'),(39,39,'bernie.beier@example.net','odio','28386 Federico Ridge Apt. 003\nRebeccaburgh, IL 27590-7428','(647)228-0108x8757','1981-05-23 01:14:45','2012-07-27 00:52:14'),(40,40,'tyler.schuster@example.com','doloremque','6367 Arianna Crossroad Apt. 780\nSouth Clotilde, NE 65536','1-635-585-2141x8771','2004-06-11 21:53:51','1982-05-05 05:10:40'),(41,41,'afriesen@example.org','voluptatem','969 Runte Groves\nNew Brookport, HI 99822','(751)093-0550x4814','1995-02-03 09:31:48','1975-10-22 11:43:57'),(42,42,'xhoppe@example.org','quod','03286 Retha Hills\nJacobsonshire, IN 01574-4996','223.276.2472','1992-05-05 20:51:32','2001-02-21 02:59:00'),(43,43,'kmorissette@example.net','voluptatibus','84521 Jeromy Springs\nKrystinaview, CT 34471','260-721-8583','2003-11-23 12:59:21','1988-04-17 03:18:55'),(44,44,'vfadel@example.net','ea','33703 Jude Common Suite 892\nFaystad, WY 59930','553-234-5175x87491','1999-10-07 04:17:30','2005-10-20 17:57:28'),(45,45,'kiley68@example.net','pariatur','45613 Ritchie Street Apt. 482\nWest Amani, OR 26540','(122)746-8827x59474','1993-12-01 19:36:55','2007-08-01 19:29:38'),(46,46,'vmcglynn@example.com','suscipit','20368 Judah Island\nSkylaville, FL 84808','309.609.8843','1991-06-18 00:55:55','2017-04-17 11:42:32'),(47,47,'buford94@example.com','aut','90636 Kautzer Island Suite 128\nWest Kamille, NJ 31144-6407','07509930561','1982-08-29 17:26:18','1995-06-16 00:02:54'),(48,48,'devante89@example.com','aperiam','944 Verner Loop\nLake Lorenzafurt, NH 27584','980-863-1063x029','1992-07-12 13:32:56','1981-01-16 13:46:19'),(49,49,'jack94@example.com','beatae','11430 Weimann Harbor Apt. 736\nLake Josh, AZ 58635','080.587.9224x594','1992-02-25 05:59:33','1996-05-18 21:30:34'),(50,50,'kolson@example.com','architecto','804 Arne Mountains\nEast Karolann, AL 96325-0829','221.610.7963','2001-11-04 07:52:08','1973-08-16 15:08:44'),(51,51,'lakin.everette@example.net','dolorem','79302 Amari Shore\nGerholdton, WV 14919-7216','(739)814-8299x5580','2003-04-14 16:24:48','1975-06-07 04:16:24'),(52,52,'cristobal05@example.com','molestiae','58040 Moises Spur\nJosueshire, MD 76315','(403)709-8135x687','2017-06-06 09:15:04','1986-05-11 18:52:49'),(53,53,'wgorczany@example.org','est','01846 Leif Park Apt. 192\nNew Isaichester, NE 35449','+21(0)7551757791','1999-03-28 16:20:57','1983-12-15 16:56:57'),(54,54,'sigmund.bergnaum@example.net','eligendi','375 O\'Hara Island\nBeahanmouth, KY 87952-8422','1-874-410-6082','2014-01-21 02:46:57','1985-02-01 13:41:49'),(55,55,'qlegros@example.org','similique','899 Fay Crest Suite 474\nJordanview, TN 76777-7708','1-744-527-0852x6125','1990-02-06 20:57:40','2008-01-17 14:02:42'),(56,56,'io\'reilly@example.net','beatae','3704 Greenholt Ranch\nNorth Kiraland, DE 25295-2077','1-312-618-8867x351','1985-01-18 13:19:56','1974-05-27 11:59:59'),(57,57,'jerome12@example.com','ullam','29575 Koepp Mission Apt. 689\nNew Peter, NJ 27092-9191','+00(4)5327049181','2008-07-22 21:49:38','1989-11-09 13:30:01'),(58,58,'powlowski.jose@example.org','eum','66719 Mekhi Street\nGerholdville, MO 53156-2436','02840931286','1981-11-03 19:41:15','2006-11-10 06:12:40'),(59,59,'ereinger@example.net','quia','67520 Jerrell Stream\nWest Ross, IA 50215','919-858-8797','1975-09-08 10:47:53','1970-12-15 08:50:34'),(60,60,'abdul.stokes@example.net','et','6112 Batz Junction\nPort Jeramyshire, ME 06011','1-002-658-9292x77178','2022-07-28 17:21:56','1984-11-20 22:20:13'),(61,61,'rrunolfsson@example.org','reprehenderit','83537 Funk Fall\nLindgrenport, NM 10904-1863','1-728-733-4260','1970-05-06 23:21:15','1987-11-10 08:49:51'),(62,62,'bode.grace@example.com','consequatur','4368 Gislason Islands\nNorth Alba, ID 03068','693.649.4491x0225','2021-06-01 18:08:02','1991-05-04 12:24:46'),(63,63,'bobby22@example.com','unde','20381 Darrin Turnpike\nDenesikbury, ME 68818','06719899871','1991-03-18 13:02:17','2011-07-12 02:34:48'),(64,64,'rosalee.effertz@example.net','debitis','0186 Josephine Village\nGavintown, AK 62962','(773)122-7540','1978-08-30 08:38:45','2017-02-10 23:31:28'),(65,65,'rippin.ambrose@example.net','laborum','2081 Sigmund Pines\nNew Lurlinemouth, OK 11069-6518','06503659562','1985-04-19 22:40:29','2015-05-04 08:34:23'),(66,66,'maverick81@example.net','eligendi','008 Dortha Crossroad\nJosephinefurt, AL 88506','(384)764-9619','1989-05-03 18:30:12','1982-11-13 16:19:23'),(67,67,'clint57@example.com','quia','93929 Alexandrea Loaf\nWest Imogene, NC 77868','1-189-325-9751x181','2016-02-28 07:16:39','1983-06-05 12:25:20'),(68,68,'ro\'connell@example.com','ex','71110 Dach Heights\nTownetown, MD 49358','1-806-849-2080x3480','2022-03-12 20:30:09','1977-03-30 22:42:00'),(69,69,'boehm.ariel@example.net','officia','44582 Sylvester Groves\nVonRuedenside, IA 72364-6846','840-998-2066x06969','2005-10-21 09:05:25','1997-05-16 19:33:32'),(70,70,'annetta.swift@example.net','perspiciatis','51219 Bailey Course Suite 560\nPort Alia, LA 57873','694-521-1255','2011-11-03 07:59:23','1993-04-03 10:30:14'),(71,71,'kurtis.hand@example.net','in','1137 Hickle Stream Apt. 828\nLake Kristopherberg, FL 59341','(187)395-1319','2001-04-27 09:23:52','2001-03-15 23:17:33'),(72,72,'umclaughlin@example.org','ab','69497 Brandi Squares\nCarolfort, ID 56665-2741','086-164-7710','2015-10-15 06:21:33','1999-08-20 13:02:26'),(73,73,'mohr.glenna@example.com','doloribus','737 Layla Plaza Apt. 500\nLindgrenbury, AR 39983-3546','1-238-724-1777','1997-12-24 22:16:00','1972-02-25 02:01:44'),(74,74,'keeling.ross@example.org','nostrum','4506 Blanda Mountain Apt. 744\nDwightside, AL 89709','(209)438-8906x93136','1999-07-23 05:49:18','2003-12-20 22:41:49'),(75,75,'name24@example.org','fugiat','7095 Kelli Views Apt. 854\nNorth Blaze, VT 16396-1643','+42(3)4518626108','1989-05-08 08:49:59','1981-04-28 15:48:14'),(76,76,'natasha80@example.com','placeat','4524 Sylvester Station\nNew Vestaton, OH 66047-7293','1-547-671-6957','1992-04-20 17:18:51','1990-09-22 00:33:44'),(77,77,'schoen.kendall@example.com','consequatur','9251 Grimes Via\nPort Donnaberg, SC 02257-3141','954-608-3574x949','1982-06-13 08:11:32','1975-11-29 07:39:06'),(78,78,'howe.amalia@example.net','sed','4301 Elise Estate\nWest Kurtischester, UT 43263','1-027-303-5351','1990-07-16 17:19:18','1993-01-25 02:53:17'),(79,79,'tom89@example.net','aut','0437 Christiansen Field\nHeloiseview, VA 13623-8809','456.056.3525','1972-08-09 12:54:17','2007-05-04 14:55:09'),(80,80,'grant.mayra@example.net','dolorum','153 Sedrick Ferry Apt. 075\nJacobsview, DC 02201','07034340656','2003-08-17 20:10:13','1982-07-18 04:24:55'),(81,81,'haylee48@example.org','qui','95725 Hector Walk\nLake Gage, ME 52430','821.675.7128x900','1972-01-06 14:13:36','1999-10-28 22:18:41'),(82,82,'wbradtke@example.com','amet','95985 Melyna Shoal Suite 824\nNew Percivalfurt, WY 37964-8904','07066606957','1988-10-26 21:38:00','1999-01-22 11:22:37'),(83,83,'terry.bessie@example.org','vel','1718 Dallas Burgs\nEstellaborough, MO 67211-8687','(515)180-5183x28452','2021-02-10 18:40:45','2011-06-09 14:58:58'),(84,84,'enrico92@example.net','qui','166 Fredrick Road\nElmertown, AL 52441','884-664-8414x3185','2004-03-29 15:17:47','2018-10-20 20:53:08'),(85,85,'lwolf@example.net','similique','558 Barrows Crest\nWest Brice, TX 02776-0415','06710617202','2001-04-09 11:26:41','1971-01-12 15:30:41'),(86,86,'isobel.jerde@example.org','vel','818 Hoppe Hill\nFreedaland, NM 54566-9167','171-927-5888x1878','1977-09-17 12:11:34','2005-10-03 00:33:06'),(87,87,'irenner@example.net','et','0220 Kallie Hill\nEmmyview, TX 88088','405-501-5641x8292','1992-06-26 06:10:54','1971-04-28 18:12:35'),(88,88,'madison37@example.org','qui','8512 Miles Trail Apt. 964\nMargaretbury, HI 85184','+57(3)0903250745','1977-10-03 08:34:06','1985-09-13 09:26:01'),(89,89,'mckayla.o\'connell@example.org','itaque','777 Margarette Circle Apt. 103\nNorth Abdullahport, HI 49265','(889)393-7215x050','2023-01-20 18:07:32','1992-03-12 08:26:08'),(90,90,'harry89@example.com','eum','3704 Gust Plain\nKrisville, IA 82731','859.913.1835','1991-05-10 16:10:20','2010-05-30 09:56:13'),(91,91,'mertz.rowan@example.com','et','20505 Stehr Island\nRaventon, MI 13049-5127','1-895-155-0633','1986-12-15 20:33:14','2016-08-25 14:15:37'),(92,92,'retta87@example.org','ut','8527 Claudia Isle Suite 513\nTreutelhaven, OK 98049-5583','(113)360-4444x40904','2010-09-05 15:47:08','1980-11-28 06:57:47'),(93,93,'jast.kaden@example.com','blanditiis','084 Kuhic Corners Apt. 012\nDibbertland, AZ 25871-7767','1-774-155-4025x0185','2016-03-24 10:35:52','2001-03-20 06:34:00'),(94,94,'tommie89@example.net','corrupti','533 Beahan Loaf Apt. 310\nMuhammadchester, HI 91058-7431','600.684.0295','1989-12-12 11:45:33','1996-01-19 14:32:47'),(95,95,'barbara03@example.com','quia','8030 Cali Green Apt. 677\nEast Vladimirport, IN 95616','1-367-952-8326x426','1987-10-26 14:12:07','1971-11-02 05:08:09'),(96,96,'alexandra71@example.com','blanditiis','141 Wehner Lodge\nEstellland, ME 28658-3533','728.115.7104','2003-12-13 15:44:36','1983-05-15 18:18:32'),(97,97,'edmond09@example.com','possimus','51831 Koelpin Passage\nDickichester, TN 65641','756-927-6198x46245','1983-11-27 05:07:07','2020-09-07 10:30:12'),(98,98,'justice.hagenes@example.org','odio','831 Kling Ways Apt. 441\nShannaburgh, NH 26240','544-782-2447x8135','2005-10-31 15:34:30','2003-03-07 20:38:23'),(99,99,'wuckert.lisette@example.com','debitis','0434 Hipolito Radial\nLake Lenniechester, DC 92148-0476','1-707-259-2483x06575','2007-08-20 11:43:52','1991-05-16 11:46:55'),(100,100,'layla22@example.com','sit','0778 Eleanore Parkway Suite 825\nCarmellabury, ID 42180','(467)602-8620x856','2004-07-19 17:16:22','2004-02-19 03:25:49');
/*!40000 ALTER TABLE `user_details` ENABLE KEYS */;

--
-- Table structure for table `user_roles`
--

/*!40101 SET @saved_cs_client     = @@character_set_client */;
/*!50503 SET character_set_client = utf8mb4 */;
CREATE TABLE `user_roles` (
  `user_id` int NOT NULL,
  `role_id` int NOT NULL,
  PRIMARY KEY (`user_id`,`role_id`),
  KEY `role_id` (`role_id`),
  CONSTRAINT `user_roles_ibfk_1` FOREIGN KEY (`user_id`) REFERENCES `users` (`id`) ON DELETE CASCADE,
  CONSTRAINT `user_roles_ibfk_2` FOREIGN KEY (`role_id`) REFERENCES `roles` (`id`) ON DELETE CASCADE
) ENGINE=InnoDB DEFAULT CHARSET=utf8mb4 COLLATE=utf8mb4_0900_ai_ci;
/*!40101 SET character_set_client = @saved_cs_client */;

--
-- Dumping data for table `user_roles`
--

/*!40000 ALTER TABLE `user_roles` DISABLE KEYS */;
INSERT INTO `user_roles` VALUES (1,1),(2,2),(3,3),(4,4),(5,5),(6,6),(7,7),(8,8),(9,9),(10,10),(11,11),(12,12),(13,13),(14,14),(15,15),(16,16),(17,17),(18,18),(19,19),(20,20),(21,21),(22,22),(23,23),(24,24),(25,25),(26,26),(27,27),(28,28),(29,29),(30,30),(31,31),(32,32),(33,33),(34,34),(35,35),(36,36),(37,37),(38,38),(39,39),(40,40),(41,41),(42,42),(43,43),(44,44),(45,45),(46,46),(47,47),(48,48),(49,49),(50,50),(51,51),(52,52),(53,53),(54,54),(55,55),(56,56),(57,57),(58,58),(59,59),(60,60),(61,61),(62,62),(63,63),(64,64),(65,65),(66,66),(67,67),(68,68),(69,69),(70,70),(71,71),(72,72),(73,73),(74,74),(75,75),(76,76),(77,77),(78,78),(79,79),(80,80),(81,81),(82,82),(83,83),(84,84),(85,85),(86,86),(87,87),(88,88),(89,89),(90,90),(91,91),(92,92),(93,93),(94,94),(95,95),(96,96),(97,97),(98,98),(99,99),(100,100);
/*!40000 ALTER TABLE `user_roles` ENABLE KEYS */;

--
-- Table structure for table `users`
--

/*!40101 SET @saved_cs_client     = @@character_set_client */;
/*!50503 SET character_set_client = utf8mb4 */;
CREATE TABLE `users` (
  `id` int NOT NULL AUTO_INCREMENT,
  `username` varchar(50) NOT NULL,
  `password` varchar(255) NOT NULL,
  `created_at` timestamp NULL DEFAULT CURRENT_TIMESTAMP,
  `updated_at` timestamp NULL DEFAULT CURRENT_TIMESTAMP ON UPDATE CURRENT_TIMESTAMP,
  PRIMARY KEY (`id`),
  UNIQUE KEY `username` (`username`)
) ENGINE=InnoDB AUTO_INCREMENT=101 DEFAULT CHARSET=utf8mb4 COLLATE=utf8mb4_0900_ai_ci;
/*!40101 SET character_set_client = @saved_cs_client */;

--
-- Dumping data for table `users`
--

/*!40000 ALTER TABLE `users` DISABLE KEYS */;
INSERT INTO `users` VALUES (1,'jaren79','cefb0217fa430ab56f2bb7008d5f30febb798fb9','1982-01-22 21:11:28','2016-08-25 17:59:53'),(2,'morissette.hunter','8543a00271ba4a733a8eeb2f8a53f03162187132','2014-02-27 08:41:47','1982-03-18 07:48:41'),(3,'abdul65','9eeb209c0c03fb1edde0a50c5045b60c18a84624','1984-01-13 01:11:40','2019-01-23 11:38:40'),(4,'praynor','2661c50eb19ed791c1c91c8e77f8bccf3d6a4c5f','1983-03-29 15:24:58','1998-12-03 20:21:06'),(5,'benny.reichel','16e19bb85fd5289703102cd1088193f190b4a7d9','1974-10-14 08:00:49','1997-05-05 20:42:24'),(6,'nader.valentina','16cd102f8a9652b8042de55ec6e41c67874578b1','2018-11-20 06:21:49','2012-07-05 23:15:24'),(7,'connor80','6e0ba982b5cdd6e3597862be6c03471c0810802a','1978-12-29 20:39:21','2005-12-14 03:11:25'),(8,'rhianna53','726adb778b19d5d9d5a8914f20ae428a80f967ad','2006-09-22 05:50:28','2005-04-30 13:45:54'),(9,'hobart86','7786897810331cac1aff788a55963ccca3586cc8','2018-02-22 19:02:21','1988-10-12 16:01:37'),(10,'derrick.sporer','fe24ce085403d1b47aa07f1f4eb5b07fa55f167d','1987-06-13 00:33:19','2012-01-27 21:04:21'),(11,'clair.prohaska','10d42804640dd2b7dee5987553f2dcf5bc075ea9','1992-05-30 09:59:41','2016-08-12 00:56:26'),(12,'nstanton','b905b8d699b1ffdb8dac4e56576c4fc1fdb52f8b','1976-10-09 23:27:55','2013-07-06 12:06:16'),(13,'roob.tina','c8dceab74362b5732624714bca1f230fab0a9414','1971-08-18 13:21:13','1976-02-12 08:49:10'),(14,'joseph.bradtke','2ded2ea1e9a304d34846ce2971293f359723a4d3','2010-05-21 01:01:01','2018-06-20 08:29:57'),(15,'wtremblay','9e358fb5d8c388828ff42e2da94f501834bcb5ef','1980-05-21 10:47:23','2022-02-11 17:04:50'),(16,'miller.cale','cbf6ae8f5a23e84f5bd3760bbf89820db35b4a14','1975-01-28 16:32:29','1970-01-18 05:18:13'),(17,'donnelly.jaydon','564c5d8b256539ab065a5a8120c57532a49bb0dc','1998-01-31 17:04:34','1995-11-17 14:46:28'),(18,'helen64','2857a83b97d6715736a9db6d38184d98e418bf0e','1985-10-31 16:42:42','1993-05-22 00:04:13'),(19,'dimitri99','d67678835bac8b943c73f9ea0d4f8603c0d8e28c','2011-08-22 00:15:16','2005-03-10 11:46:06'),(20,'patsy72','03c7202fad3c7ae23e92e38fc8af34d265d6f77b','1994-09-04 14:38:52','1997-04-11 21:13:40'),(21,'laron.wiegand','61513e2adcd0d402107f136469ee66e9c6743e5a','2005-05-16 18:48:52','2009-04-30 16:35:42'),(22,'isenger','f7fbd10d0285ae775ea7aa0cdf5edcf3e5cf33b1','2007-06-01 18:46:06','1988-08-11 12:29:26'),(23,'xeffertz','285346b8615d727b49da52433b96eb0ac626b6ae','1996-03-12 12:04:21','1988-06-07 07:15:18'),(24,'carolyn82','baa1bdafd0f61628776025e17e0923f6cb08e512','1982-07-15 18:42:38','2022-05-06 14:28:32'),(25,'reanna.rippin','57266ffdccafac762142c98a80e9e0ef34a99c98','1990-03-03 22:31:44','2019-08-17 01:41:29'),(26,'ella53','8dce0edb48c39c792228b013cad6b15a81dbf312','2010-06-23 12:19:45','2015-01-31 13:51:25'),(27,'drew.volkman','aef588d4eea6cb83b4a5ba7bfa0257ddb6a30960','1988-06-05 03:59:20','2021-06-22 20:56:12'),(28,'gaylord.olson','eff7ddf435f6a9f8428eec4bff4d453870573fa7','2005-03-05 00:11:37','2022-05-27 07:14:26'),(29,'otha.shanahan','499b445ae49439c5785cd6f19e1c7df6f67909f7','1997-12-03 19:56:23','1986-03-07 07:04:07'),(30,'mcdermott.alivia','8816e4e2027b42202716ff2cd63383c165886c85','2014-06-28 16:47:15','2023-02-15 21:47:47'),(31,'ygrimes','6c4ed2c290188349ff34521431e717167885ddee','1973-07-05 01:00:04','1984-12-06 02:32:31'),(32,'uyundt','979e5afa935f13c240f022d5a4ee0c17b73832c1','1980-10-30 18:09:47','2011-07-18 14:51:23'),(33,'mcclure.eloy','a9f06fac35223f480f4a993fdb69ae3613ffd024','2007-04-27 00:36:07','2000-11-21 16:07:47'),(34,'lew.conroy','e01621fc8dd1af94a12f2e899d87d931674c3be9','2009-11-15 06:18:03','1974-07-27 04:05:22'),(35,'swift.nia','365ce0e35ea5ecf44825514800f243072b479682','2000-03-26 08:01:23','1977-07-17 07:34:39'),(36,'una82','4c5fe310b8fe33746a3c31ef9e65ba933e223947','2020-09-07 19:13:56','1999-05-25 16:40:02'),(37,'johnathan31','c868310dd9ed1b792a0a64cfa12efbee15445ba5','1996-06-04 23:52:40','2016-05-15 08:43:02'),(38,'aparisian','1df5473b58715caac5ab1f7e10992679652fcf2f','2013-12-18 17:14:56','2019-10-02 19:31:02'),(39,'barton.brendan','6ac3fe8f9326c4d868baf9aa85e0cc16e8cc6814','2015-12-02 02:46:55','2003-05-02 23:55:23'),(40,'nterry','37e9397b6c68b6f0c2c4d7cc33dcb11fe813d394','2002-12-22 13:09:48','1998-11-28 03:47:02'),(41,'jaycee.hoeger','811072fea4634811b6c10e8eb7d8c5e31e932e2c','2017-04-24 14:11:59','1971-12-30 23:31:34'),(42,'ngrady','83bb836739d9d66688aeb54d55c6f566e3d5c7c3','1989-01-05 08:37:56','2000-12-25 08:39:54'),(43,'kaylah09','98bfa90de2f2360eabcdcc9e4b695e6bbb501629','1991-12-04 04:59:18','1986-05-27 15:54:20'),(44,'melyssa23','567e928a9d2b588307300791183bd39617e92b95','1989-12-15 08:04:58','2000-02-13 05:55:43'),(45,'mbode','1f78e5b47f4f743550499895cf09de307540213c','1976-03-02 12:16:41','2015-07-09 09:05:34'),(46,'toy.devyn','feb6388f4730a1ab5ebdbeddf4137c6a4e96176e','1978-07-04 00:26:51','1976-05-19 23:21:29'),(47,'spencer68','70d6e1d5b7aa81dd1adfeabb2d729bdd2fda10ac','1973-12-25 00:52:22','1989-06-26 19:02:38'),(48,'xconroy','bd94e97ea725cfd97a829e51d0ba5cb52866987a','2018-03-21 19:13:01','1973-08-12 16:27:16'),(49,'fadel.matilda','1cc0d0e67377af1011b9f8d6b203afc2a41ac74c','1999-08-08 16:34:58','2020-04-28 23:38:26'),(50,'adams.esperanza','6faa5ae715b1bee9c35430901f302aa1384dc4cd','1991-02-03 17:18:48','1983-08-04 19:38:42'),(51,'gschinner','ee365123ef5bd7debbde3e1623de554914b493de','1993-03-19 02:03:52','2004-11-08 11:37:38'),(52,'cblock','71c38712917b0734c484b3453da718532b826d57','2002-05-02 00:10:33','1970-12-16 04:20:58'),(53,'bruen.eulah','38943287131276ac4190ce227b2279e288077369','2011-08-02 14:18:17','1993-03-24 05:00:13'),(54,'monroe18','55035024b98d11e599e666fc65b8de41beda73b7','2015-01-13 03:36:03','1982-01-24 00:45:41'),(55,'ubosco','740b0db6792ef02282dc444b777ef7e9ab90efa4','2000-05-21 16:51:09','1991-06-11 13:36:17'),(56,'ruthie.ortiz','cb85666852bcac73405087a53ebfa7eb36882db7','1970-07-10 04:56:31','1989-07-14 02:00:46'),(57,'weldon83','24f25a202b702137704321d19942ff2729a888e0','1993-07-27 05:09:02','1984-01-31 23:11:25'),(58,'maybelle67','9bfced10b1961c2ba330e1e87577d75f7f552b85','1984-07-07 18:55:19','1999-04-07 08:54:03'),(59,'jo.bogan','48a7329a92f23e3006fe062b244f6ecf47bff078','1976-08-08 19:59:52','1979-10-30 09:11:21'),(60,'mortimer18','83deeb4ae0121c10daa6035be64ab8f8b96ac920','2006-07-16 02:48:02','1986-06-27 12:39:02'),(61,'mvon','0f2c50c1ea6956d747c2c37cb6c6f7c82281de2a','2013-01-12 07:07:52','1990-07-22 10:07:42'),(62,'balistreri.walton','9dffe50a2d3a0842128aeb54906963016710337b','2023-02-03 02:18:04','1981-02-22 17:51:49'),(63,'braulio.nicolas','b04d6442f1afc1f8afefb987d38c63e9da4a8fd6','1971-12-10 10:34:36','2021-10-06 00:07:21'),(64,'hoyt.hartmann','3c3b429cb9489013e2be28848cda1291f0020022','1990-01-09 17:01:18','2019-09-10 18:56:25'),(65,'art80','f1e50a3e4a785886b02f9ea393c0e1219e11d3ee','1998-02-26 01:25:55','1975-05-29 19:13:46'),(66,'stromp','6422220b4366bf4c9b4ca4534b98151f0eb9507b','1998-09-19 20:16:44','1979-06-03 15:03:26'),(67,'noe.windler','766d050cd3091ce281a2ff093c761c60385484b9','2020-07-08 09:52:37','1970-11-06 10:24:21'),(68,'filomena.baumbach','66532fa40072551114ced9463a514baec688dc8c','1995-05-06 12:19:05','2001-11-07 18:04:11'),(69,'mosciski.lina','46388ab5d1def27ed3342a9cb6f34208a442fa8e','2006-12-15 22:56:15','2013-08-03 17:19:11'),(70,'harris.lexus','d701716e7c3b6df8c163e8e7e2df7eed117db6c7','2003-05-05 07:59:11','2012-03-14 02:15:48'),(71,'bradtke.jalen','f97fe9ee73fdf0ef9b5139ae2a68aceea4950d9b','1991-09-08 05:31:48','2022-10-03 12:24:47'),(72,'josie81','3fb6d8830aee6ffab73b7feb221266ac96881a41','2021-01-20 05:42:09','1991-02-02 14:56:48'),(73,'king.myrtis','3a94f744cad144f43f7f2e6c85454f022e14022e','1973-01-03 20:46:49','1973-12-13 14:35:26'),(74,'kullrich','56a289061727e376a5cf7a563362fe5c285d81f9','1998-08-22 20:04:24','1996-06-03 03:35:18'),(75,'zschaefer','19413f9dae94f15b22468b67b4bec2062aaeab36','1970-11-21 04:36:23','1970-08-25 01:19:56'),(76,'xkoepp','298d096fefec99fd40b21e47864a2506838d89fc','2022-01-31 10:53:00','1982-04-04 23:03:05'),(77,'rkilback','6660582bc2565a82a9a848b569b76375695c8443','1984-06-28 08:25:22','1986-09-30 05:17:53'),(78,'alexandrine.grant','361a7b68a03eaccfc80bdaa3ee3c7a2b543cbe40','1979-12-27 08:35:02','1981-12-27 18:37:50'),(79,'cheyanne67','adc92bd2ce672e80ca45c741317b2763fb98d227','2002-03-29 21:58:54','1976-01-11 09:21:56'),(80,'morar.robb','ddf9ae78fa46d32fbe3af8498a30caf5b856fd50','1978-01-18 15:05:17','1980-11-16 04:07:08'),(81,'pfannerstill.dortha','13e24040659fb7fe5d26e0ffc6d37b48f08b967f','1995-03-17 10:52:47','1998-01-29 16:03:53'),(82,'iflatley','4fe6c65b77628fa549e411f5dd634ceaf358f9d0','2021-12-25 20:42:50','1978-01-10 12:30:46'),(83,'jaquelin.hauck','3d6dba2c72b4f24be4525e1d4696c077897bb387','2016-08-10 08:29:34','2021-04-14 09:43:30'),(84,'jacinthe34','524c95e6da2d4d583c8097e353792a221743750d','2016-07-28 08:27:12','2002-01-28 16:33:48'),(85,'broob','9fa55efe99cb2e31afe46b9b1915923f0ae650f7','1983-02-03 00:00:46','2018-02-11 04:51:21'),(86,'wwalker','73252542b7daf964001647cb16d478c7ac95f9f5','2009-03-02 17:56:15','1996-06-05 21:33:48'),(87,'daphne15','c2ffffe0cf6a2fdf7b7e6d136b82ff09ec2ecc5c','2016-03-04 11:02:00','1993-05-17 16:23:17'),(88,'oferry','a6284992aac91230b64f96f942fb993985fea381','2013-08-14 07:52:48','2001-10-16 19:06:48'),(89,'emmanuel62','ea9ddf7c8cf30fdd960940dbf9ff618c0f858478','1977-04-22 01:00:08','1986-07-28 16:41:13'),(90,'jovanny67','9212c56a8218f69e1a12a2a70b02570357b40b37','1974-03-15 16:00:23','1988-02-08 21:15:33'),(91,'price.baron','6e56aed88a3ebf959bed7ab483d36c82c458bcf1','2002-03-22 02:05:53','1991-12-22 12:12:45'),(92,'connelly.cleo','58298b76a59c4be1b05a27c4fad5080baf3aa504','1992-04-15 11:33:05','2020-07-01 13:26:51'),(93,'meagan53','a894c23a7cce55a37d59f873fa2ebd9c1a10f73e','1995-04-21 11:29:28','1993-11-14 09:09:15'),(94,'wilderman.curtis','aae5a7a7569a2617ee6c0b342ea7b6b9016e546b','2004-09-21 00:47:07','1991-02-12 02:10:11'),(95,'abshire.bernie','9bc081c409f4c7a9cf9c7616bd0395d35711d656','1978-12-10 03:24:48','2001-07-02 22:08:51'),(96,'bethel.oberbrunner','fe426f47f044ae95f758592216ddc95d3b75c561','2002-07-22 09:10:02','1996-12-13 10:13:53'),(97,'rlynch','e55b861ea34b797e646386b5d961f0c7ea35f7ea','1993-05-01 15:18:27','2007-08-09 02:48:04'),(98,'uarmstrong','ccee633f64e060e9642c36ba4088fe9a141ae252','2023-05-21 01:27:45','2012-05-10 13:45:19'),(99,'alicia57','f8c667e6ff28e545ca84c085d99a8274fb1dff64','1991-12-10 05:35:51','1981-04-20 12:32:50'),(100,'alysson24','a6a2e06bd1224932a1a123314300bf68d7250a10','1983-03-25 15:04:03','1973-11-24 06:29:15');
/*!40000 ALTER TABLE `users` ENABLE KEYS */;
/*!40103 SET TIME_ZONE=@OLD_TIME_ZONE */;

/*!40101 SET SQL_MODE=@OLD_SQL_MODE */;
/*!40014 SET FOREIGN_KEY_CHECKS=@OLD_FOREIGN_KEY_CHECKS */;
/*!40014 SET UNIQUE_CHECKS=@OLD_UNIQUE_CHECKS */;
/*!40101 SET CHARACTER_SET_CLIENT=@OLD_CHARACTER_SET_CLIENT */;
/*!40101 SET CHARACTER_SET_RESULTS=@OLD_CHARACTER_SET_RESULTS */;
/*!40101 SET COLLATION_CONNECTION=@OLD_COLLATION_CONNECTION */;
/*!40111 SET SQL_NOTES=@OLD_SQL_NOTES */;

-- Dump completed on 2023-05-23 22:18:09
